,User_ID,Age,Gender,Platform,Daily_Usage_Time (minutes),Posts_Per_Day,Likes_Received_Per_Day,Comments_Received_Per_Day,Messages_Sent_Per_Day,Dominant_Emotion
0,1,25,Female,Instagram,120.0,3.0,45.0,10.0,12.0,Happiness
1,2,30,Male,Twitter,90.0,5.0,20.0,25.0,30.0,Anger
2,3,22,Non-binary,Facebook,60.0,2.0,15.0,5.0,20.0,Neutral
3,4,28,Female,Instagram,200.0,8.0,100.0,30.0,50.0,Anxiety
4,5,33,Male,LinkedIn,45.0,1.0,5.0,2.0,10.0,Boredom
5,6,21,Male,Instagram,150.0,4.0,60.0,15.0,25.0,Happiness
6,7,27,Female,Twitter,85.0,3.0,30.0,10.0,18.0,Anger
7,8,24,Non-binary,Facebook,110.0,6.0,25.0,12.0,22.0,Sadness
8,9,29,Female,LinkedIn,55.0,2.0,10.0,3.0,8.0,Neutral
9,10,31,Male,Instagram,170.0,5.0,80.0,20.0,35.0,Happiness
10,11,23,Female,Twitter,75.0,4.0,35.0,7.0,20.0,Anxiety
11,12,26,Non-binary,Facebook,95.0,3.0,20.0,10.0,18.0,Sadness
12,13,34,Male,LinkedIn,65.0,1.0,12.0,4.0,15.0,Boredom
13,14,22,Female,Instagram,180.0,7.0,90.0,25.0,40.0,Happiness
14,15,28,Male,Twitter,100.0,6.0,40.0,23.0,28.0,Anger
15,16,21,Non-binary,Facebook,40.0,1.0,5.0,2.0,10.0,Neutral
16,17,35,Female,Instagram,125.0,4.0,55.0,18.0,30.0,Anxiety
17,18,27,Male,Twitter,90.0,3.0,33.0,15.0,25.0,Sadness
18,19,23,Non-binary,LinkedIn,50.0,1.0,8.0,3.0,12.0,Neutral
19,20,32,Female,Instagram,140.0,5.0,70.0,22.0,33.0,Happiness
20,21,26,Male,Facebook,75.0,2.0,25.0,10.0,18.0,Anxiety
21,22,24,Female,Twitter,105.0,4.0,28.0,14.0,20.0,Anger
22,23,29,Male,LinkedIn,60.0,2.0,11.0,5.0,17.0,Boredom
23,24,33,Non-binary,Instagram,190.0,8.0,95.0,26.0,45.0,Happiness
24,25,22,Female,Twitter,70.0,3.0,20.0,12.0,15.0,Sadness
25,26,31,Male,Facebook,80.0,2.0,18.0,8.0,21.0,Neutral
26,27,27,Non-binary,LinkedIn,55.0,1.0,9.0,2.0,11.0,Anxiety
27,28,25,Female,Instagram,160.0,6.0,85.0,19.0,32.0,Happiness
28,29,30,Male,Twitter,90.0,4.0,38.0,17.0,24.0,Anger
29,30,26,Non-binary,Facebook,45.0,1.0,6.0,3.0,10.0,Sadness
30,31,34,Female,LinkedIn,65.0,2.0,13.0,4.0,14.0,Boredom
31,32,28,Male,Instagram,145.0,5.0,75.0,20.0,35.0,Happiness
32,33,23,Non-binary,Twitter,70.0,3.0,27.0,11.0,18.0,Neutral
33,34,21,Female,Instagram,130.0,6.0,88.0,15.0,30.0,Sadness
34,35,29,Male,Facebook,65.0,2.0,22.0,8.0,20.0,Anxiety
35,36,24,Non-binary,LinkedIn,55.0,1.0,10.0,5.0,11.0,Boredom
36,37,33,Female,Instagram,170.0,7.0,90.0,25.0,40.0,Happiness
37,38,27,Male,Twitter,85.0,4.0,35.0,15.0,20.0,Anger
38,39,22,Female,Instagram,115.0,3.0,55.0,12.0,25.0,Neutral
39,40,28,Non-binary,Facebook,100.0,2.0,18.0,10.0,22.0,Anxiety
40,41,31,Male,LinkedIn,45.0,1.0,6.0,2.0,9.0,Sadness
41,42,25,Female,Instagram,150.0,6.0,80.0,18.0,30.0,Happiness
42,43,29,Male,Twitter,95.0,4.0,40.0,20.0,22.0,Anger
43,44,23,Non-binary,Facebook,105.0,2.0,20.0,8.0,18.0,Neutral
44,45,35,Female,LinkedIn,60.0,1.0,12.0,5.0,14.0,Boredom
45,46,30,Male,Instagram,175.0,7.0,85.0,23.0,38.0,Happiness
46,47,21,Female,Twitter,90.0,3.0,33.0,12.0,20.0,Sadness
47,48,26,Non-binary,Facebook,75.0,2.0,28.0,11.0,18.0,Anxiety
48,49,32,Male,Instagram,130.0,5.0,70.0,19.0,31.0,Neutral
49,50,28,Female,LinkedIn,55.0,1.0,8.0,4.0,10.0,Boredom
50,51,27,Male,Instagram,165.0,6.0,78.0,22.0,27.0,Happiness
51,52,24,Female,Twitter,75.0,3.0,29.0,15.0,19.0,Anger
52,53,29,Non-binary,Facebook,85.0,2.0,25.0,7.0,20.0,Neutral
53,54,33,Female,Instagram,145.0,4.0,60.0,18.0,35.0,Sadness
54,55,31,Male,LinkedIn,60.0,1.0,10.0,3.0,17.0,Anxiety
55,56,22,Female,Whatsapp,70.0,2.0,40.0,8.0,21.0,Anxiety
56,57,25,Male,Telegram,90.0,3.0,20.0,10.0,22.0,Boredom
57,58,29,Non-binary,Snapchat,50.0,2.0,15.0,5.0,18.0,Sadness
58,59,28,Female,Twitter,95.0,4.0,45.0,20.0,25.0,Happiness
59,60,27,Male,Facebook,60.0,1.0,10.0,4.0,15.0,Boredom
60,61,30,Female,Instagram,175.0,6.0,70.0,23.0,33.0,Happiness
61,62,23,Male,Whatsapp,70.0,3.0,20.0,8.0,18.0,Anger
62,63,34,Non-binary,Telegram,80.0,2.0,18.0,7.0,20.0,Neutral
63,64,26,Female,Snapchat,120.0,4.0,50.0,15.0,30.0,Anxiety
64,65,25,Male,Twitter,90.0,6.0,40.0,12.0,26.0,Sadness
65,66,29,Non-binary,Facebook,60.0,1.0,8.0,2.0,12.0,Boredom
66,67,28,Male,Instagram,165.0,5.0,75.0,18.0,35.0,Happiness
67,68,31,Female,Whatsapp,65.0,2.0,25.0,8.0,20.0,Neutral
68,69,27,Male,Telegram,105.0,3.0,45.0,15.0,28.0,Anxiety
69,70,22,Non-binary,Snapchat,75.0,2.0,18.0,6.0,20.0,Sadness
70,71,24,Female,Instagram,140.0,4.0,60.0,18.0,30.0,Happiness
71,72,35,Male,Twitter,70.0,1.0,12.0,7.0,10.0,Boredom
72,73,21,Non-binary,Facebook,55.0,3.0,15.0,5.0,12.0,Neutral
73,74,29,Female,Whatsapp,90.0,2.0,20.0,9.0,22.0,Anger
74,75,25,Male,Telegram,80.0,4.0,28.0,11.0,25.0,Neutral
75,76,28,Non-binary,Snapchat,115.0,3.0,36.0,12.0,27.0,Anxiety
76,77,32,Female,Instagram,155.0,6.0,72.0,20.0,38.0,Happiness
77,78,26,Male,Twitter,75.0,2.0,22.0,10.0,18.0,Sadness
78,79,33,Non-binary,Facebook,65.0,1.0,12.0,5.0,14.0,Anxiety
79,80,27,Female,Whatsapp,90.0,4.0,35.0,14.0,20.0,Neutral
80,81,31,Male,Telegram,50.0,2.0,18.0,6.0,12.0,Sadness
81,82,24,Non-binary,Snapchat,85.0,3.0,30.0,13.0,18.0,Happiness
82,83,34,Female,Instagram,120.0,5.0,55.0,19.0,25.0,Anger
83,84,22,Male,Twitter,70.0,1.0,20.0,5.0,22.0,Neutral
84,85,29,Non-binary,Facebook,75.0,2.0,18.0,8.0,20.0,Boredom
85,86,28,Female,Whatsapp,100.0,4.0,35.0,12.0,26.0,Anxiety
86,87,31,Male,Telegram,85.0,3.0,40.0,15.0,28.0,Sadness
87,88,21,Non-binary,Snapchat,60.0,1.0,15.0,5.0,12.0,Neutral
88,89,25,Female,Instagram,170.0,6.0,78.0,22.0,33.0,Happiness
89,90,30,Male,Twitter,70.0,2.0,28.0,10.0,20.0,Anxiety
90,91,27,Non-binary,Facebook,50.0,1.0,8.0,2.0,10.0,Boredom
91,92,32,Female,Whatsapp,105.0,4.0,50.0,18.0,25.0,Anger
92,93,24,Male,Telegram,75.0,3.0,33.0,13.0,22.0,Neutral
93,94,29,Female,Snapchat,95.0,2.0,20.0,7.0,28.0,Sadness
94,95,26,Male,Instagram,150.0,5.0,65.0,20.0,30.0,Anxiety
95,96,33,Non-binary,Twitter,85.0,4.0,30.0,13.0,18.0,Boredom
96,97,22,Female,Facebook,70.0,1.0,12.0,5.0,10.0,Neutral
97,98,35,Male,Whatsapp,110.0,3.0,45.0,20.0,25.0,Happiness
98,99,28,Non-binary,Telegram,60.0,2.0,15.0,6.0,18.0,Anger
99,100,27,Female,Snapchat,120.0,4.0,38.0,13.0,22.0,Neutral
100,101,25,Female,Instagram,120.0,5.0,50.0,20.0,25.0,Happiness
101,102,30,Male,Twitter,90.0,4.0,30.0,20.0,22.0,Anger
102,103,22,Non-binary,Facebook,60.0,2.0,20.0,10.0,15.0,Neutral
103,104,28,Female,Instagram,200.0,8.0,110.0,40.0,45.0,Anxiety
104,105,33,Male,LinkedIn,45.0,1.0,10.0,5.0,12.0,Boredom
105,106,21,Male,Instagram,150.0,5.0,65.0,25.0,30.0,Happiness
106,107,27,Female,Twitter,85.0,3.0,40.0,18.0,20.0,Anger
107,108,24,Non-binary,Facebook,110.0,6.0,35.0,16.0,25.0,Sadness
108,109,29,Female,LinkedIn,55.0,2.0,15.0,5.0,10.0,Neutral
109,110,31,Male,Instagram,170.0,7.0,90.0,35.0,40.0,Happiness
110,111,23,Female,Twitter,75.0,4.0,45.0,20.0,25.0,Anxiety
111,112,26,Non-binary,Facebook,95.0,3.0,30.0,14.0,18.0,Sadness
112,113,34,Male,LinkedIn,65.0,1.0,14.0,6.0,15.0,Boredom
113,114,22,Female,Instagram,180.0,8.0,100.0,38.0,45.0,Happiness
114,115,28,Male,Twitter,100.0,6.0,50.0,30.0,29.0,Anger
115,116,21,Non-binary,Facebook,40.0,1.0,10.0,4.0,12.0,Neutral
116,117,35,Female,Instagram,125.0,5.0,65.0,22.0,28.0,Anxiety
117,118,27,Male,Twitter,90.0,3.0,40.0,16.0,24.0,Sadness
118,119,23,Non-binary,LinkedIn,50.0,1.0,12.0,6.0,12.0,Neutral
119,120,32,Female,Instagram,140.0,6.0,75.0,28.0,30.0,Happiness
120,121,26,Male,Facebook,75.0,2.0,30.0,14.0,20.0,Anxiety
121,122,24,Female,Twitter,105.0,4.0,35.0,20.0,23.0,Anger
122,123,29,Male,LinkedIn,60.0,2.0,17.0,8.0,15.0,Boredom
123,124,33,Non-binary,Instagram,190.0,8.0,105.0,36.0,50.0,Happiness
124,125,22,Female,Twitter,70.0,3.0,25.0,16.0,15.0,Sadness
125,126,31,Male,Facebook,80.0,2.0,20.0,10.0,20.0,Neutral
126,127,27,Non-binary,LinkedIn,55.0,1.0,12.0,5.0,11.0,Anxiety
127,128,25,Female,Instagram,160.0,6.0,85.0,26.0,30.0,Happiness
128,129,30,Male,Twitter,90.0,4.0,43.0,19.0,24.0,Anger
129,130,26,Non-binary,Facebook,45.0,1.0,8.0,4.0,12.0,Sadness
130,131,34,Female,LinkedIn,65.0,2.0,17.0,5.0,14.0,Boredom
131,132,28,Male,Instagram,145.0,7.0,80.0,30.0,35.0,Happiness
132,133,23,Non-binary,Twitter,70.0,3.0,30.0,14.0,18.0,Neutral
133,134,21,Female,Instagram,130.0,6.0,95.0,22.0,28.0,Sadness
134,135,29,Male,Facebook,65.0,2.0,27.0,11.0,22.0,Anxiety
135,136,24,Non-binary,LinkedIn,55.0,1.0,11.0,6.0,11.0,Boredom
136,137,33,Female,Instagram,170.0,7.0,95.0,30.0,38.0,Happiness
137,138,27,Male,Twitter,85.0,4.0,45.0,18.0,24.0,Anger
138,139,22,Female,Instagram,115.0,3.0,60.0,17.0,30.0,Neutral
139,140,28,Non-binary,Facebook,100.0,2.0,22.0,12.0,25.0,Anxiety
140,141,31,Male,LinkedIn,45.0,1.0,9.0,4.0,10.0,Sadness
141,142,25,Female,Instagram,150.0,6.0,90.0,26.0,30.0,Happiness
142,143,29,Male,Twitter,95.0,4.0,50.0,22.0,22.0,Anger
143,144,23,Non-binary,Facebook,105.0,2.0,25.0,12.0,18.0,Neutral
144,145,35,Female,LinkedIn,60.0,1.0,15.0,7.0,14.0,Boredom
145,146,30,Male,Instagram,175.0,7.0,100.0,33.0,38.0,Happiness
146,147,21,Female,Twitter,90.0,3.0,37.0,14.0,20.0,Sadness
147,148,26,Non-binary,Facebook,75.0,2.0,30.0,12.0,18.0,Anxiety
148,149,32,Male,Instagram,130.0,5.0,80.0,28.0,31.0,Neutral
149,150,28,Female,LinkedIn,55.0,1.0,12.0,6.0,10.0,Boredom
150,151,27,Male,Instagram,165.0,6.0,85.0,30.0,28.0,Happiness
151,152,24,Female,Twitter,75.0,3.0,33.0,18.0,19.0,Anger
152,153,29,Non-binary,Facebook,85.0,2.0,27.0,9.0,20.0,Neutral
153,154,33,Female,Instagram,145.0,4.0,65.0,23.0,35.0,Sadness
154,155,31,Male,LinkedIn,60.0,1.0,15.0,7.0,17.0,Anxiety
155,156,22,Female,Whatsapp,70.0,2.0,42.0,10.0,21.0,Anxiety
156,157,25,Male,Telegram,90.0,3.0,22.0,11.0,22.0,Boredom
157,158,29,Non-binary,Snapchat,50.0,2.0,18.0,7.0,18.0,Sadness
158,159,28,Female,Twitter,95.0,4.0,48.0,22.0,25.0,Happiness
159,160,27,Male,Facebook,60.0,1.0,12.0,5.0,15.0,Boredom
160,161,30,Female,Instagram,175.0,6.0,72.0,30.0,33.0,Happiness
161,162,23,Male,Whatsapp,70.0,3.0,22.0,10.0,18.0,Anger
162,163,34,Non-binary,Telegram,80.0,2.0,21.0,8.0,20.0,Neutral
163,164,26,Female,Snapchat,120.0,4.0,55.0,18.0,30.0,Anxiety
164,165,25,Male,Twitter,90.0,6.0,42.0,14.0,26.0,Sadness
165,166,29,Non-binary,Facebook,60.0,1.0,12.0,4.0,12.0,Boredom
166,167,28,Male,Instagram,165.0,5.0,78.0,23.0,35.0,Happiness
167,168,31,Female,Whatsapp,65.0,2.0,27.0,10.0,20.0,Neutral
168,169,27,Male,Telegram,105.0,3.0,48.0,20.0,28.0,Anxiety
169,170,22,Non-binary,Snapchat,75.0,2.0,21.0,8.0,20.0,Sadness
170,171,24,Female,Instagram,140.0,4.0,65.0,22.0,30.0,Happiness
171,172,35,Male,Twitter,70.0,1.0,13.0,8.0,10.0,Boredom
172,173,21,Non-binary,Facebook,55.0,3.0,17.0,7.0,12.0,Neutral
173,174,29,Female,Whatsapp,90.0,2.0,24.0,12.0,22.0,Anger
174,175,25,Male,Telegram,80.0,4.0,30.0,13.0,25.0,Neutral
175,176,28,Non-binary,Snapchat,115.0,3.0,38.0,18.0,27.0,Anxiety
176,177,32,Female,Instagram,155.0,6.0,75.0,25.0,38.0,Happiness
177,178,26,Male,Twitter,75.0,2.0,23.0,12.0,18.0,Sadness
178,179,33,Non-binary,Facebook,65.0,1.0,13.0,7.0,14.0,Anxiety
179,180,27,Female,Whatsapp,90.0,4.0,37.0,18.0,20.0,Neutral
180,181,31,Male,Telegram,50.0,2.0,20.0,10.0,12.0,Sadness
181,182,24,Non-binary,Snapchat,85.0,3.0,33.0,20.0,18.0,Happiness
182,183,34,Female,Instagram,120.0,5.0,60.0,25.0,25.0,Anger
183,184,22,Male,Twitter,70.0,1.0,22.0,7.0,22.0,Neutral
184,185,29,Non-binary,Facebook,75.0,2.0,20.0,8.0,20.0,Boredom
185,186,28,Female,Whatsapp,100.0,4.0,37.0,14.0,26.0,Anxiety
186,187,31,Male,Telegram,85.0,3.0,45.0,20.0,28.0,Sadness
187,188,21,Non-binary,Snapchat,60.0,1.0,18.0,7.0,12.0,Neutral
188,189,25,Female,Instagram,170.0,6.0,83.0,30.0,33.0,Happiness
189,190,30,Male,Twitter,70.0,2.0,30.0,12.0,20.0,Anxiety
190,191,27,Non-binary,Facebook,50.0,1.0,10.0,4.0,10.0,Boredom
191,192,32,Female,Whatsapp,105.0,4.0,55.0,25.0,25.0,Anger
192,193,24,Male,Telegram,75.0,3.0,37.0,16.0,22.0,Neutral
193,194,29,Female,Snapchat,95.0,2.0,23.0,10.0,28.0,Sadness
194,195,26,Male,Instagram,150.0,5.0,70.0,25.0,30.0,Anxiety
195,196,33,Non-binary,Twitter,85.0,4.0,35.0,18.0,18.0,Boredom
196,197,22,Female,Facebook,70.0,1.0,14.0,6.0,10.0,Neutral
197,198,35,Male,Whatsapp,110.0,3.0,50.0,25.0,25.0,Happiness
198,199,28,Non-binary,Telegram,60.0,2.0,18.0,8.0,18.0,Anger
199,200,27,Female,Snapchat,120.0,4.0,40.0,18.0,22.0,Neutral
200,201,25,Female,Instagram,120.0,5.0,50.0,20.0,25.0,Happiness
201,202,30,Male,Twitter,90.0,4.0,30.0,20.0,22.0,Anger
202,203,22,Non-binary,Facebook,60.0,2.0,20.0,10.0,15.0,Neutral
203,204,28,Female,Instagram,200.0,8.0,110.0,40.0,45.0,Anxiety
204,205,33,Male,LinkedIn,45.0,1.0,10.0,5.0,12.0,Boredom
205,206,21,Male,Instagram,150.0,5.0,65.0,25.0,30.0,Happiness
206,207,27,Female,Twitter,85.0,3.0,40.0,18.0,20.0,Anger
207,208,24,Non-binary,Facebook,110.0,6.0,35.0,16.0,25.0,Sadness
208,209,29,Female,LinkedIn,55.0,2.0,15.0,5.0,10.0,Neutral
209,210,31,Male,Instagram,170.0,7.0,90.0,35.0,40.0,Happiness
210,211,23,Female,Twitter,75.0,4.0,45.0,20.0,25.0,Anxiety
211,212,26,Non-binary,Facebook,95.0,3.0,30.0,14.0,18.0,Sadness
212,213,34,Male,LinkedIn,65.0,1.0,14.0,6.0,15.0,Boredom
213,214,22,Female,Instagram,180.0,8.0,100.0,38.0,45.0,Happiness
214,215,28,Male,Twitter,100.0,6.0,50.0,30.0,29.0,Anger
215,216,21,Non-binary,Facebook,40.0,1.0,10.0,4.0,12.0,Neutral
216,217,35,Female,Instagram,125.0,5.0,65.0,22.0,28.0,Anxiety
217,218,27,Male,Twitter,90.0,3.0,40.0,16.0,24.0,Sadness
218,219,23,Non-binary,LinkedIn,50.0,1.0,12.0,6.0,12.0,Neutral
219,220,32,Female,Instagram,140.0,6.0,75.0,28.0,30.0,Happiness
220,221,26,Male,Facebook,75.0,2.0,30.0,14.0,20.0,Anxiety
221,222,24,Female,Twitter,105.0,4.0,35.0,20.0,23.0,Anger
222,223,29,Male,LinkedIn,60.0,2.0,17.0,8.0,15.0,Boredom
223,224,33,Non-binary,Instagram,190.0,8.0,105.0,36.0,50.0,Happiness
224,225,22,Female,Twitter,70.0,3.0,25.0,16.0,15.0,Sadness
225,226,31,Male,Facebook,80.0,2.0,20.0,10.0,20.0,Neutral
226,227,27,Non-binary,LinkedIn,55.0,1.0,12.0,5.0,11.0,Anxiety
227,228,25,Female,Instagram,160.0,6.0,85.0,26.0,30.0,Happiness
228,229,30,Male,Twitter,90.0,4.0,43.0,19.0,24.0,Anger
229,230,26,Non-binary,Facebook,45.0,1.0,8.0,4.0,12.0,Sadness
230,231,34,Female,LinkedIn,65.0,2.0,17.0,5.0,14.0,Boredom
231,232,28,Male,Instagram,145.0,7.0,80.0,30.0,35.0,Happiness
232,233,23,Non-binary,Twitter,70.0,3.0,30.0,14.0,18.0,Neutral
233,234,21,Female,Instagram,130.0,6.0,95.0,22.0,28.0,Sadness
234,235,29,Male,Facebook,65.0,2.0,27.0,11.0,22.0,Anxiety
235,236,24,Non-binary,LinkedIn,55.0,1.0,11.0,6.0,11.0,Boredom
236,237,33,Female,Instagram,170.0,7.0,95.0,30.0,38.0,Happiness
237,238,27,Male,Twitter,85.0,4.0,45.0,18.0,24.0,Anger
238,239,22,Female,Instagram,115.0,3.0,60.0,17.0,30.0,Neutral
239,240,28,Non-binary,Facebook,100.0,2.0,22.0,12.0,25.0,Anxiety
240,241,31,Male,LinkedIn,45.0,1.0,9.0,4.0,10.0,Sadness
241,242,25,Female,Instagram,150.0,6.0,90.0,26.0,30.0,Happiness
242,243,29,Male,Twitter,95.0,4.0,50.0,22.0,22.0,Anger
243,244,23,Non-binary,Facebook,105.0,2.0,25.0,12.0,18.0,Neutral
244,245,35,Female,LinkedIn,60.0,1.0,15.0,7.0,14.0,Boredom
245,246,30,Male,Instagram,175.0,7.0,100.0,33.0,38.0,Happiness
246,247,21,Female,Twitter,90.0,3.0,37.0,14.0,20.0,Sadness
247,248,26,Non-binary,Facebook,75.0,2.0,30.0,12.0,18.0,Anxiety
248,249,32,Male,Instagram,130.0,5.0,80.0,28.0,31.0,Neutral
249,250,28,Female,LinkedIn,55.0,1.0,12.0,6.0,10.0,Boredom
250,251,Male,27,Instagram,165.0,6.0,85.0,30.0,28.0,Happiness
251,252,Female,24,Twitter,75.0,3.0,33.0,18.0,19.0,Anger
252,253,Non-binary,29,Facebook,85.0,2.0,27.0,9.0,20.0,Neutral
253,254,Female,33,Instagram,145.0,4.0,65.0,23.0,35.0,Sadness
254,255,Male,31,LinkedIn,60.0,1.0,15.0,7.0,17.0,Anxiety
255,256,Female,22,Whatsapp,70.0,2.0,42.0,10.0,21.0,Anxiety
256,257,Male,25,Telegram,90.0,3.0,22.0,11.0,22.0,Boredom
257,258,Non-binary,29,Snapchat,50.0,2.0,18.0,7.0,18.0,Sadness
258,259,Female,28,Twitter,95.0,4.0,48.0,22.0,25.0,Happiness
259,260,Male,27,Facebook,60.0,1.0,12.0,5.0,15.0,Boredom
260,261,Female,30,Instagram,175.0,6.0,72.0,30.0,33.0,Happiness
261,262,Male,23,Whatsapp,70.0,3.0,22.0,10.0,18.0,Anger
262,263,Non-binary,34,Telegram,80.0,2.0,21.0,8.0,20.0,Neutral
263,264,Female,26,Snapchat,120.0,4.0,55.0,18.0,30.0,Anxiety
264,265,Male,25,Twitter,90.0,6.0,42.0,14.0,26.0,Sadness
265,266,Non-binary,29,Facebook,60.0,1.0,12.0,4.0,12.0,Boredom
266,267,Male,28,Instagram,165.0,5.0,78.0,23.0,35.0,Happiness
267,268,Female,31,Whatsapp,65.0,2.0,27.0,10.0,20.0,Neutral
268,269,Male,27,Telegram,105.0,3.0,48.0,20.0,28.0,Anxiety
269,270,Non-binary,22,Snapchat,75.0,2.0,21.0,8.0,20.0,Sadness
270,271,Female,24,Instagram,140.0,4.0,65.0,22.0,30.0,Happiness
271,272,Male,35,Twitter,70.0,1.0,13.0,8.0,10.0,Boredom
272,273,Non-binary,21,Facebook,55.0,3.0,17.0,7.0,12.0,Neutral
273,274,Female,29,Whatsapp,90.0,2.0,24.0,12.0,22.0,Anger
274,275,Male,25,Telegram,80.0,4.0,30.0,13.0,25.0,Neutral
275,276,Non-binary,28,Snapchat,115.0,3.0,38.0,18.0,27.0,Anxiety
276,277,Female,32,Instagram,155.0,6.0,75.0,25.0,38.0,Happiness
277,278,Male,26,Twitter,75.0,2.0,23.0,12.0,18.0,Sadness
278,279,Non-binary,33,Facebook,65.0,1.0,13.0,7.0,14.0,Anxiety
279,280,Female,27,Whatsapp,90.0,4.0,37.0,18.0,20.0,Neutral
280,281,Male,31,Telegram,50.0,2.0,20.0,10.0,12.0,Sadness
281,282,Non-binary,24,Snapchat,85.0,3.0,33.0,20.0,18.0,Happiness
282,283,Female,34,Instagram,120.0,5.0,60.0,25.0,25.0,Anger
283,284,Male,22,Twitter,70.0,1.0,22.0,7.0,22.0,Neutral
284,285,Non-binary,29,Facebook,75.0,2.0,20.0,8.0,20.0,Boredom
285,286,Female,28,Whatsapp,100.0,4.0,37.0,14.0,26.0,Anxiety
286,287,Male,31,Telegram,85.0,3.0,45.0,20.0,28.0,Sadness
287,288,Non-binary,21,Snapchat,60.0,1.0,18.0,7.0,12.0,Neutral
288,289,25,Female,Instagram,170.0,6.0,83.0,30.0,33.0,Happiness
289,290,30,Male,Twitter,70.0,2.0,30.0,12.0,20.0,Anxiety
290,291,27,Non-binary,Facebook,50.0,1.0,10.0,4.0,10.0,Boredom
291,292,32,Female,Whatsapp,105.0,4.0,55.0,25.0,25.0,Anger
292,293,24,Male,Telegram,75.0,3.0,37.0,16.0,22.0,Neutral
293,294,29,Female,Snapchat,95.0,2.0,23.0,10.0,28.0,Sadness
294,295,26,Male,Instagram,150.0,5.0,70.0,25.0,30.0,Anxiety
295,296,33,Non-binary,Twitter,85.0,4.0,35.0,18.0,18.0,Boredom
296,297,22,Female,Facebook,70.0,1.0,14.0,6.0,10.0,Neutral
297,298,35,Male,Whatsapp,110.0,3.0,50.0,25.0,25.0,Happiness
298,299,28,Non-binary,Telegram,60.0,2.0,18.0,8.0,18.0,Anger
299,300,27,Female,Snapchat,120.0,4.0,40.0,18.0,22.0,Neutral
300,301,25,Female,Instagram,120.0,5.0,50.0,20.0,25.0,Happiness
301,302,30,Male,Twitter,90.0,4.0,30.0,20.0,22.0,Anger
302,303,22,Non-binary,Facebook,60.0,2.0,20.0,10.0,15.0,Neutral
303,304,28,Female,Instagram,200.0,8.0,110.0,40.0,45.0,Anxiety
304,305,33,Male,LinkedIn,45.0,1.0,10.0,5.0,12.0,Boredom
305,306,21,Male,Instagram,150.0,5.0,65.0,25.0,30.0,Happiness
306,307,27,Female,Twitter,85.0,3.0,40.0,18.0,20.0,Anger
307,308,24,Non-binary,Facebook,110.0,6.0,35.0,16.0,25.0,Sadness
308,309,29,Female,LinkedIn,55.0,2.0,15.0,5.0,10.0,Neutral
309,310,31,Male,Instagram,170.0,7.0,90.0,35.0,40.0,Happiness
310,311,23,Female,Twitter,75.0,4.0,45.0,20.0,25.0,Anxiety
311,312,26,Non-binary,Facebook,95.0,3.0,30.0,14.0,18.0,Sadness
312,313,34,Male,LinkedIn,65.0,1.0,14.0,6.0,15.0,Boredom
313,314,22,Female,Instagram,180.0,8.0,100.0,38.0,45.0,Happiness
314,315,28,Male,Twitter,100.0,6.0,50.0,30.0,29.0,Anger
315,316,21,Non-binary,Facebook,40.0,1.0,10.0,4.0,12.0,Neutral
316,317,35,Female,Instagram,125.0,5.0,65.0,22.0,28.0,Anxiety
317,318,27,Male,Twitter,90.0,3.0,40.0,16.0,24.0,Sadness
318,319,23,Non-binary,LinkedIn,50.0,1.0,12.0,6.0,12.0,Neutral
319,320,32,Female,Instagram,140.0,6.0,75.0,28.0,30.0,Happiness
320,321,26,Male,Facebook,75.0,2.0,30.0,14.0,20.0,Anxiety
321,322,24,Female,Twitter,105.0,4.0,35.0,20.0,23.0,Anger
322,323,29,Male,LinkedIn,60.0,2.0,17.0,8.0,15.0,Boredom
323,324,33,Non-binary,Instagram,190.0,8.0,105.0,36.0,50.0,Happiness
324,325,22,Female,Twitter,70.0,3.0,25.0,16.0,15.0,Sadness
325,326,31,Male,Facebook,80.0,2.0,20.0,10.0,20.0,Neutral
326,327,27,Non-binary,LinkedIn,55.0,1.0,12.0,5.0,11.0,Anxiety
327,328,25,Female,Instagram,160.0,6.0,85.0,26.0,30.0,Happiness
328,329,30,Male,Twitter,90.0,4.0,43.0,19.0,24.0,Anger
329,330,26,Non-binary,Facebook,45.0,1.0,8.0,4.0,12.0,Sadness
330,331,34,Female,LinkedIn,65.0,2.0,17.0,5.0,14.0,Boredom
331,332,28,Male,Instagram,145.0,7.0,80.0,30.0,35.0,Happiness
332,333,23,Non-binary,Twitter,70.0,3.0,30.0,14.0,18.0,Neutral
333,334,21,Female,Instagram,130.0,6.0,95.0,22.0,28.0,Sadness
334,335,29,Male,Facebook,65.0,2.0,27.0,11.0,22.0,Anxiety
335,336,24,Non-binary,LinkedIn,55.0,1.0,11.0,6.0,11.0,Boredom
336,337,33,Female,Instagram,170.0,7.0,95.0,30.0,38.0,Happiness
337,338,27,Male,Twitter,85.0,4.0,45.0,18.0,24.0,Anger
338,339,22,Female,Instagram,115.0,3.0,60.0,17.0,30.0,Neutral
339,340,28,Non-binary,Facebook,100.0,2.0,22.0,12.0,25.0,Anxiety
340,341,31,Male,LinkedIn,45.0,1.0,9.0,4.0,10.0,Sadness
341,342,25,Female,Instagram,150.0,6.0,90.0,26.0,30.0,Happiness
342,343,29,Male,Twitter,95.0,4.0,50.0,22.0,22.0,Anger
343,344,23,Non-binary,Facebook,105.0,2.0,25.0,12.0,18.0,Neutral
344,345,35,Female,LinkedIn,60.0,1.0,15.0,7.0,14.0,Boredom
345,346,30,Male,Instagram,175.0,7.0,100.0,33.0,38.0,Happiness
346,347,21,Female,Twitter,90.0,3.0,37.0,14.0,20.0,Sadness
347,348,26,Non-binary,Facebook,75.0,2.0,30.0,12.0,18.0,Anxiety
348,349,32,Male,Instagram,130.0,5.0,80.0,28.0,31.0,Neutral
349,350,28,Female,LinkedIn,55.0,1.0,12.0,6.0,10.0,Boredom
350,351,27,Male,Instagram,165.0,6.0,85.0,30.0,28.0,Happiness
351,352,24,Female,Twitter,75.0,3.0,33.0,18.0,19.0,Anger
352,353,29,Non-binary,Facebook,85.0,2.0,27.0,9.0,20.0,Neutral
353,354,33,Female,Instagram,145.0,4.0,65.0,23.0,35.0,Sadness
354,355,31,Male,LinkedIn,60.0,1.0,15.0,7.0,17.0,Anxiety
355,356,22,Female,Whatsapp,70.0,2.0,42.0,10.0,21.0,Anxiety
356,357,25,Male,Telegram,90.0,3.0,22.0,11.0,22.0,Boredom
357,358,29,Non-binary,Snapchat,50.0,2.0,18.0,7.0,18.0,Sadness
358,359,28,Female,Twitter,95.0,4.0,48.0,22.0,25.0,Happiness
359,360,27,Male,Facebook,60.0,1.0,12.0,5.0,15.0,Boredom
360,361,30,Female,Instagram,175.0,6.0,72.0,30.0,33.0,Happiness
361,362,23,Male,Whatsapp,70.0,3.0,22.0,10.0,18.0,Anger
362,363,34,Non-binary,Telegram,80.0,2.0,21.0,8.0,20.0,Neutral
363,364,26,Female,Snapchat,120.0,4.0,55.0,18.0,30.0,Anxiety
364,365,25,Male,Twitter,90.0,6.0,42.0,14.0,26.0,Sadness
365,366,29,Non-binary,Facebook,60.0,1.0,12.0,4.0,12.0,Boredom
366,367,28,Male,Instagram,165.0,5.0,78.0,23.0,35.0,Happiness
367,368,31,Female,Whatsapp,65.0,2.0,27.0,10.0,20.0,Neutral
368,369,27,Male,Telegram,105.0,3.0,48.0,20.0,28.0,Anxiety
369,370,22,Non-binary,Snapchat,75.0,2.0,21.0,8.0,20.0,Sadness
370,371,24,Female,Instagram,140.0,4.0,65.0,22.0,30.0,Happiness
371,372,35,Male,Twitter,70.0,1.0,13.0,8.0,10.0,Boredom
372,373,21,Non-binary,Facebook,55.0,3.0,17.0,7.0,12.0,Neutral
373,374,29,Female,Whatsapp,90.0,2.0,24.0,12.0,22.0,Anger
374,375,25,Male,Telegram,80.0,4.0,30.0,13.0,25.0,Neutral
375,376,28,Non-binary,Snapchat,115.0,3.0,38.0,18.0,27.0,Anxiety
376,377,32,Female,Instagram,155.0,6.0,75.0,25.0,38.0,Happiness
377,378,26,Male,Twitter,75.0,2.0,23.0,12.0,18.0,Sadness
378,379,33,Non-binary,Facebook,65.0,1.0,13.0,7.0,14.0,Anxiety
379,380,27,Female,Whatsapp,90.0,4.0,37.0,18.0,20.0,Neutral
380,381,31,Male,Telegram,50.0,2.0,20.0,10.0,12.0,Sadness
381,382,24,Non-binary,Snapchat,85.0,3.0,33.0,20.0,18.0,Happiness
382,383,34,Female,Instagram,120.0,5.0,60.0,25.0,25.0,Anger
383,384,22,Male,Twitter,70.0,1.0,22.0,7.0,22.0,Neutral
384,385,29,Non-binary,Facebook,75.0,2.0,20.0,8.0,20.0,Boredom
385,386,28,Female,Whatsapp,100.0,4.0,37.0,14.0,26.0,Anxiety
386,387,31,Male,Telegram,85.0,3.0,45.0,20.0,28.0,Sadness
387,388,21,Non-binary,Snapchat,60.0,1.0,18.0,7.0,12.0,Neutral
388,389,25,Female,Instagram,170.0,6.0,83.0,30.0,33.0,Happiness
389,390,30,Male,Twitter,70.0,2.0,30.0,12.0,20.0,Anxiety
390,391,27,Non-binary,Facebook,50.0,1.0,10.0,4.0,10.0,Boredom
391,392,32,Female,Whatsapp,105.0,4.0,55.0,25.0,25.0,Anger
392,393,24,Male,Telegram,75.0,3.0,37.0,16.0,22.0,Neutral
393,394,29,Female,Snapchat,95.0,2.0,23.0,10.0,28.0,Sadness
394,395,26,Male,Instagram,150.0,5.0,70.0,25.0,30.0,Anxiety
395,396,33,Non-binary,Twitter,85.0,4.0,35.0,18.0,18.0,Boredom
396,397,22,Female,Facebook,70.0,1.0,14.0,6.0,10.0,Neutral
397,398,35,Male,Whatsapp,110.0,3.0,50.0,25.0,25.0,Happiness
398,399,28,Non-binary,Telegram,60.0,2.0,18.0,8.0,18.0,Anger
399,400,27,Female,Snapchat,120.0,4.0,40.0,18.0,22.0,Neutral
400,401,25,Female,Instagram,120.0,5.0,50.0,20.0,25.0,Happiness
401,402,30,Male,Twitter,90.0,4.0,30.0,20.0,22.0,Anger
402,403,22,Non-binary,Facebook,60.0,2.0,20.0,10.0,15.0,Neutral
403,404,28,Female,Instagram,200.0,8.0,110.0,40.0,45.0,Anxiety
404,405,33,Male,LinkedIn,45.0,1.0,10.0,5.0,12.0,Boredom
405,406,21,Male,Instagram,150.0,5.0,65.0,25.0,30.0,Happiness
406,407,27,Female,Twitter,85.0,3.0,40.0,18.0,20.0,Anger
407,408,24,Non-binary,Facebook,110.0,6.0,35.0,16.0,25.0,Sadness
408,409,29,Female,LinkedIn,55.0,2.0,15.0,5.0,10.0,Neutral
409,410,31,Male,Instagram,170.0,7.0,90.0,35.0,40.0,Happiness
410,411,23,Female,Twitter,75.0,4.0,45.0,20.0,25.0,Anxiety
411,412,26,Non-binary,Facebook,95.0,3.0,30.0,14.0,18.0,Sadness
412,413,34,Male,LinkedIn,65.0,1.0,14.0,6.0,15.0,Boredom
413,414,22,Female,Instagram,180.0,8.0,100.0,38.0,45.0,Happiness
414,415,28,Male,Twitter,100.0,6.0,50.0,30.0,29.0,Anger
415,416,21,Non-binary,Facebook,40.0,1.0,10.0,4.0,12.0,Neutral
416,417,35,Female,Instagram,125.0,5.0,65.0,22.0,28.0,Anxiety
417,418,27,Male,Twitter,90.0,3.0,40.0,16.0,24.0,Sadness
418,419,23,Non-binary,LinkedIn,50.0,1.0,12.0,6.0,12.0,Neutral
419,420,32,Female,Instagram,140.0,6.0,75.0,28.0,30.0,Happiness
420,421,26,Male,Facebook,75.0,2.0,30.0,14.0,20.0,Anxiety
421,422,24,Female,Twitter,105.0,4.0,35.0,20.0,23.0,Anger
422,423,29,Male,LinkedIn,60.0,2.0,17.0,8.0,15.0,Boredom
423,424,33,Non-binary,Instagram,190.0,8.0,105.0,36.0,50.0,Happiness
424,425,22,Female,Twitter,70.0,3.0,25.0,16.0,15.0,Sadness
425,426,31,Male,Facebook,80.0,2.0,20.0,10.0,20.0,Neutral
426,427,27,Non-binary,LinkedIn,55.0,1.0,12.0,5.0,11.0,Anxiety
427,428,25,Female,Instagram,160.0,6.0,85.0,26.0,30.0,Happiness
428,429,30,Male,Twitter,90.0,4.0,43.0,19.0,24.0,Anger
429,430,26,Non-binary,Facebook,45.0,1.0,8.0,4.0,12.0,Sadness
430,431,34,Female,LinkedIn,65.0,2.0,17.0,5.0,14.0,Boredom
431,432,28,Male,Instagram,145.0,7.0,80.0,30.0,35.0,Happiness
432,433,23,Non-binary,Twitter,70.0,3.0,30.0,14.0,18.0,Neutral
433,434,21,Female,Instagram,130.0,6.0,95.0,22.0,28.0,Sadness
434,435,29,Male,Facebook,65.0,2.0,27.0,11.0,22.0,Anxiety
435,436,24,Non-binary,LinkedIn,55.0,1.0,11.0,6.0,11.0,Boredom
436,437,33,Female,Instagram,170.0,7.0,95.0,30.0,38.0,Happiness
437,438,27,Male,Twitter,85.0,4.0,45.0,18.0,24.0,Anger
438,439,22,Female,Instagram,115.0,3.0,60.0,17.0,30.0,Neutral
439,440,28,Non-binary,Facebook,100.0,2.0,22.0,12.0,25.0,Anxiety
440,441,31,Male,LinkedIn,45.0,1.0,9.0,4.0,10.0,Sadness
441,442,25,Female,Instagram,150.0,6.0,90.0,26.0,30.0,Happiness
442,443,29,Male,Twitter,95.0,4.0,50.0,22.0,22.0,Anger
443,444,23,Non-binary,Facebook,105.0,2.0,25.0,12.0,18.0,Neutral
444,445,35,Female,LinkedIn,60.0,1.0,15.0,7.0,14.0,Boredom
445,446,30,Male,Instagram,175.0,7.0,100.0,33.0,38.0,Happiness
446,447,21,Female,Twitter,90.0,3.0,37.0,14.0,20.0,Sadness
447,448,26,Non-binary,Facebook,75.0,2.0,30.0,12.0,18.0,Anxiety
448,449,32,Male,Instagram,130.0,5.0,80.0,28.0,31.0,Neutral
449,450,28,Female,LinkedIn,55.0,1.0,12.0,6.0,10.0,Boredom
450,451,27,Male,Instagram,165.0,6.0,85.0,30.0,28.0,Happiness
451,452,24,Female,Twitter,75.0,3.0,33.0,18.0,19.0,Anger
452,453,29,Non-binary,Facebook,85.0,2.0,27.0,9.0,20.0,Neutral
453,454,33,Female,Instagram,145.0,4.0,65.0,23.0,35.0,Sadness
454,455,31,Male,LinkedIn,60.0,1.0,15.0,7.0,17.0,Anxiety
455,456,22,Female,Whatsapp,70.0,2.0,42.0,10.0,21.0,Anxiety
456,457,25,Male,Telegram,90.0,3.0,22.0,11.0,22.0,Boredom
457,458,29,Non-binary,Snapchat,50.0,2.0,18.0,7.0,18.0,Sadness
458,459,28,Female,Twitter,95.0,4.0,48.0,22.0,25.0,Happiness
459,460,27,Male,Facebook,60.0,1.0,12.0,5.0,15.0,Boredom
460,461,30,Female,Instagram,175.0,6.0,72.0,30.0,33.0,Happiness
461,462,23,Male,Whatsapp,70.0,3.0,22.0,10.0,18.0,Anger
462,463,34,Non-binary,Telegram,80.0,2.0,21.0,8.0,20.0,Neutral
463,464,26,Female,Snapchat,120.0,4.0,55.0,18.0,30.0,Anxiety
464,465,25,Male,Twitter,90.0,6.0,42.0,14.0,26.0,Sadness
465,466,29,Non-binary,Facebook,60.0,1.0,12.0,4.0,12.0,Boredom
466,467,28,Male,Instagram,165.0,5.0,78.0,23.0,35.0,Happiness
467,468,31,Female,Whatsapp,65.0,2.0,27.0,10.0,20.0,Neutral
468,469,27,Male,Telegram,105.0,3.0,48.0,20.0,28.0,Anxiety
469,470,22,Non-binary,Snapchat,75.0,2.0,21.0,8.0,20.0,Sadness
470,471,24,Female,Instagram,140.0,4.0,65.0,22.0,30.0,Happiness
471,472,35,Male,Twitter,70.0,1.0,13.0,8.0,10.0,Boredom
472,473,21,Non-binary,Facebook,55.0,3.0,17.0,7.0,12.0,Neutral
473,474,29,Female,Whatsapp,90.0,2.0,24.0,12.0,22.0,Anger
474,475,25,Male,Telegram,80.0,4.0,30.0,13.0,25.0,Neutral
475,476,28,Non-binary,Snapchat,115.0,3.0,38.0,18.0,27.0,Anxiety
476,477,32,Female,Instagram,155.0,6.0,75.0,25.0,38.0,Happiness
477,478,26,Male,Twitter,75.0,2.0,23.0,12.0,18.0,Sadness
478,479,33,Non-binary,Facebook,65.0,1.0,13.0,7.0,14.0,Anxiety
479,480,27,Female,Whatsapp,90.0,4.0,37.0,18.0,20.0,Neutral
480,481,31,Male,Telegram,50.0,2.0,20.0,10.0,12.0,Sadness
481,482,24,Non-binary,Snapchat,85.0,3.0,33.0,20.0,18.0,Happiness
482,483,34,Female,Instagram,120.0,5.0,60.0,25.0,25.0,Anger
483,484,22,Male,Twitter,70.0,1.0,22.0,7.0,22.0,Neutral
484,485,29,Non-binary,Facebook,75.0,2.0,20.0,8.0,20.0,Boredom
485,486,28,Female,Whatsapp,100.0,4.0,37.0,14.0,26.0,Anxiety
486,487,31,Male,Telegram,85.0,3.0,45.0,20.0,28.0,Sadness
487,488,21,Non-binary,Snapchat,60.0,1.0,18.0,7.0,12.0,Neutral
488,489,25,Female,Instagram,170.0,6.0,83.0,30.0,33.0,Happiness
489,490,30,Male,Twitter,70.0,2.0,30.0,12.0,20.0,Anxiety
490,491,27,Non-binary,Facebook,50.0,1.0,10.0,4.0,10.0,Boredom
491,492,32,Female,Whatsapp,105.0,4.0,55.0,25.0,25.0,Anger
492,493,24,Male,Telegram,75.0,3.0,37.0,16.0,22.0,Neutral
493,494,29,Female,Snapchat,95.0,2.0,23.0,10.0,28.0,Sadness
494,495,26,Male,Instagram,150.0,5.0,70.0,25.0,30.0,Anxiety
495,496,33,Non-binary,Twitter,85.0,4.0,35.0,18.0,18.0,Boredom
496,497,22,Female,Facebook,70.0,1.0,14.0,6.0,10.0,Neutral
497,498,35,Male,Whatsapp,110.0,3.0,50.0,25.0,25.0,Happiness
498,499,28,Non-binary,Telegram,60.0,2.0,18.0,8.0,18.0,Anger
499,500,27,Female,Snapchat,120.0,4.0,40.0,18.0,22.0,Neutral
500,501,25,Female,Instagram,120.0,5.0,50.0,20.0,25.0,Happiness
501,502,30,Male,Twitter,90.0,4.0,30.0,20.0,22.0,Anger
502,503,22,Non-binary,Facebook,60.0,2.0,20.0,10.0,15.0,Neutral
503,504,28,Female,Instagram,200.0,8.0,110.0,40.0,45.0,Anxiety
504,505,33,Male,LinkedIn,45.0,1.0,10.0,5.0,12.0,Boredom
505,506,21,Male,Instagram,150.0,5.0,65.0,25.0,30.0,Happiness
506,507,27,Female,Twitter,85.0,3.0,40.0,18.0,20.0,Anger
507,508,24,Non-binary,Facebook,110.0,6.0,35.0,16.0,25.0,Sadness
508,509,29,Female,LinkedIn,55.0,2.0,15.0,5.0,10.0,Neutral
509,510,31,Male,Instagram,170.0,7.0,90.0,35.0,40.0,Happiness
510,511,23,Female,Twitter,75.0,4.0,45.0,20.0,25.0,Anxiety
511,512,26,Non-binary,Facebook,95.0,3.0,30.0,14.0,18.0,Sadness
512,513,34,Male,LinkedIn,65.0,1.0,14.0,6.0,15.0,Boredom
513,514,22,Female,Instagram,180.0,8.0,100.0,38.0,45.0,Happiness
514,515,28,Male,Twitter,100.0,6.0,50.0,30.0,29.0,Anger
515,516,21,Non-binary,Facebook,40.0,1.0,10.0,4.0,12.0,Neutral
516,517,35,Female,Instagram,125.0,5.0,65.0,22.0,28.0,Anxiety
517,518,27,Male,Twitter,90.0,3.0,40.0,16.0,24.0,Sadness
518,519,23,Non-binary,LinkedIn,50.0,1.0,12.0,6.0,12.0,Neutral
519,520,32,Female,Instagram,140.0,6.0,75.0,28.0,30.0,Happiness
520,521,26,Male,Facebook,75.0,2.0,30.0,14.0,20.0,Anxiety
521,522,24,Female,Twitter,105.0,4.0,35.0,20.0,23.0,Anger
522,523,29,Male,LinkedIn,60.0,2.0,17.0,8.0,15.0,Boredom
523,524,33,Non-binary,Instagram,190.0,8.0,105.0,36.0,50.0,Happiness
524,525,22,Female,Twitter,70.0,3.0,25.0,16.0,15.0,Sadness
525,526,31,Male,Facebook,80.0,2.0,20.0,10.0,20.0,Neutral
526,527,27,Non-binary,LinkedIn,55.0,1.0,12.0,5.0,11.0,Anxiety
527,528,25,Female,Instagram,160.0,6.0,85.0,26.0,30.0,Happiness
528,529,30,Male,Twitter,90.0,4.0,43.0,19.0,24.0,Anger
529,530,26,Non-binary,Facebook,45.0,1.0,8.0,4.0,12.0,Sadness
530,531,34,Female,LinkedIn,65.0,2.0,17.0,5.0,14.0,Boredom
531,532,28,Male,Instagram,145.0,7.0,80.0,30.0,35.0,Happiness
532,533,23,Non-binary,Twitter,70.0,3.0,30.0,14.0,18.0,Neutral
533,534,21,Female,Instagram,130.0,6.0,95.0,22.0,28.0,Sadness
534,535,29,Male,Facebook,65.0,2.0,27.0,11.0,22.0,Anxiety
535,536,24,Non-binary,LinkedIn,55.0,1.0,11.0,6.0,11.0,Boredom
536,537,33,Female,Instagram,170.0,7.0,95.0,30.0,38.0,Happiness
537,538,27,Male,Twitter,85.0,4.0,45.0,18.0,24.0,Anger
538,539,22,Female,Instagram,115.0,3.0,60.0,17.0,30.0,Neutral
539,540,28,Non-binary,Facebook,100.0,2.0,22.0,12.0,25.0,Anxiety
540,541,31,Male,LinkedIn,45.0,1.0,9.0,4.0,10.0,Sadness
541,542,25,Female,Instagram,150.0,6.0,90.0,26.0,30.0,Happiness
542,543,29,Male,Twitter,95.0,4.0,50.0,22.0,22.0,Anger
543,544,23,Non-binary,Facebook,105.0,2.0,25.0,12.0,18.0,Neutral
544,545,35,Female,LinkedIn,60.0,1.0,15.0,7.0,14.0,Boredom
545,546,30,Male,Instagram,175.0,7.0,100.0,33.0,38.0,Happiness
546,547,21,Female,Twitter,90.0,3.0,37.0,14.0,20.0,Sadness
547,548,26,Non-binary,Facebook,75.0,2.0,30.0,12.0,18.0,Anxiety
548,549,32,Male,Instagram,130.0,5.0,80.0,28.0,31.0,Neutral
549,550,28,Female,LinkedIn,55.0,1.0,12.0,6.0,10.0,Boredom
550,551,27,Male,Instagram,165.0,6.0,85.0,30.0,28.0,Happiness
551,552,24,Female,Twitter,75.0,3.0,33.0,18.0,19.0,Anger
552,553,29,Non-binary,Facebook,85.0,2.0,27.0,9.0,20.0,Neutral
553,554,33,Female,Instagram,145.0,4.0,65.0,23.0,35.0,Sadness
554,555,31,Male,LinkedIn,60.0,1.0,15.0,7.0,17.0,Anxiety
555,556,22,Female,Whatsapp,70.0,2.0,42.0,10.0,21.0,Anxiety
556,557,25,Male,Telegram,90.0,3.0,22.0,11.0,22.0,Boredom
557,558,29,Non-binary,Snapchat,50.0,2.0,18.0,7.0,18.0,Sadness
558,559,28,Female,Twitter,95.0,4.0,48.0,22.0,25.0,Happiness
559,560,27,Male,Facebook,60.0,1.0,12.0,5.0,15.0,Boredom
560,561,30,Female,Instagram,175.0,6.0,72.0,30.0,33.0,Happiness
561,562,23,Male,Whatsapp,70.0,3.0,22.0,10.0,18.0,Anger
562,563,34,Non-binary,Telegram,80.0,2.0,21.0,8.0,20.0,Neutral
563,564,26,Female,Snapchat,120.0,4.0,55.0,18.0,30.0,Anxiety
564,565,25,Male,Twitter,90.0,6.0,42.0,14.0,26.0,Sadness
565,566,29,Non-binary,Facebook,60.0,1.0,12.0,4.0,12.0,Boredom
566,567,28,Male,Instagram,165.0,5.0,78.0,23.0,35.0,Happiness
567,568,31,Female,Whatsapp,65.0,2.0,27.0,10.0,20.0,Neutral
568,569,27,Male,Telegram,105.0,3.0,48.0,20.0,28.0,Anxiety
569,570,22,Non-binary,Snapchat,75.0,2.0,21.0,8.0,20.0,Sadness
570,571,24,Female,Instagram,140.0,4.0,65.0,22.0,30.0,Happiness
571,572,35,Male,Twitter,70.0,1.0,13.0,8.0,10.0,Boredom
572,573,21,Non-binary,Facebook,55.0,3.0,17.0,7.0,12.0,Neutral
573,574,29,Female,Whatsapp,90.0,2.0,24.0,12.0,22.0,Anger
574,575,25,Male,Telegram,80.0,4.0,30.0,13.0,25.0,Neutral
575,576,28,Non-binary,Snapchat,115.0,3.0,38.0,18.0,27.0,Anxiety
576,577,32,Female,Instagram,155.0,6.0,75.0,25.0,38.0,Happiness
577,578,26,Male,Twitter,75.0,2.0,23.0,12.0,18.0,Sadness
578,579,33,Non-binary,Facebook,65.0,1.0,13.0,7.0,14.0,Anxiety
579,580,27,Female,Whatsapp,90.0,4.0,37.0,18.0,20.0,Neutral
580,581,31,Male,Telegram,50.0,2.0,20.0,10.0,12.0,Sadness
581,582,24,Non-binary,Snapchat,85.0,3.0,33.0,20.0,18.0,Happiness
582,583,34,Female,Instagram,120.0,5.0,60.0,25.0,25.0,Anger
583,584,22,Male,Twitter,70.0,1.0,22.0,7.0,22.0,Neutral
584,585,29,Non-binary,Facebook,75.0,2.0,20.0,8.0,20.0,Boredom
585,586,28,Female,Whatsapp,100.0,4.0,37.0,14.0,26.0,Anxiety
586,587,31,Male,Telegram,85.0,3.0,45.0,20.0,28.0,Sadness
587,588,21,Non-binary,Snapchat,60.0,1.0,18.0,7.0,12.0,Neutral
588,589,25,Female,Instagram,170.0,6.0,83.0,30.0,33.0,Happiness
589,590,30,Male,Twitter,70.0,2.0,30.0,12.0,20.0,Anxiety
590,591,27,Non-binary,Facebook,50.0,1.0,10.0,4.0,10.0,Boredom
591,592,32,Female,Whatsapp,105.0,4.0,55.0,25.0,25.0,Anger
592,593,24,Male,Telegram,75.0,3.0,37.0,16.0,22.0,Neutral
593,594,29,Female,Snapchat,95.0,2.0,23.0,10.0,28.0,Sadness
594,595,26,Male,Instagram,150.0,5.0,70.0,25.0,30.0,Anxiety
595,596,33,Non-binary,Twitter,85.0,4.0,35.0,18.0,18.0,Boredom
596,597,22,Female,Facebook,70.0,1.0,14.0,6.0,10.0,Neutral
597,598,35,Male,Whatsapp,110.0,3.0,50.0,25.0,25.0,Happiness
598,599,28,Non-binary,Telegram,60.0,2.0,18.0,8.0,18.0,Anger
599,600,27,Female,Snapchat,120.0,4.0,40.0,18.0,22.0,Neutral
600,601,25,Female,Instagram,120.0,5.0,50.0,20.0,25.0,Happiness
601,602,30,Male,Twitter,90.0,4.0,30.0,20.0,22.0,Anger
602,603,22,Non-binary,Facebook,60.0,2.0,20.0,10.0,15.0,Neutral
603,604,28,Female,Instagram,200.0,8.0,110.0,40.0,45.0,Anxiety
604,605,33,Male,LinkedIn,45.0,1.0,10.0,5.0,12.0,Boredom
605,606,21,Male,Instagram,150.0,5.0,65.0,25.0,30.0,Happiness
606,607,27,Female,Twitter,85.0,3.0,40.0,18.0,20.0,Anger
607,608,24,Non-binary,Facebook,110.0,6.0,35.0,16.0,25.0,Sadness
608,609,29,Female,LinkedIn,55.0,2.0,15.0,5.0,10.0,Neutral
609,610,31,Male,Instagram,170.0,7.0,90.0,35.0,40.0,Happiness
610,611,23,Female,Twitter,75.0,4.0,45.0,20.0,25.0,Anxiety
611,612,26,Non-binary,Facebook,95.0,3.0,30.0,14.0,18.0,Sadness
612,613,34,Male,LinkedIn,65.0,1.0,14.0,6.0,15.0,Boredom
613,614,22,Female,Instagram,180.0,8.0,100.0,38.0,45.0,Happiness
614,615,28,Male,Twitter,100.0,6.0,50.0,30.0,29.0,Anger
615,616,21,Non-binary,Facebook,40.0,1.0,10.0,4.0,12.0,Neutral
616,617,35,Female,Instagram,125.0,5.0,65.0,22.0,28.0,Anxiety
617,618,27,Male,Twitter,90.0,3.0,40.0,16.0,24.0,Sadness
618,619,23,Non-binary,LinkedIn,50.0,1.0,12.0,6.0,12.0,Neutral
619,620,32,Female,Instagram,140.0,6.0,75.0,28.0,30.0,Happiness
620,621,26,Male,Facebook,75.0,2.0,30.0,14.0,20.0,Anxiety
621,622,24,Female,Twitter,105.0,4.0,35.0,20.0,23.0,Anger
622,623,29,Male,LinkedIn,60.0,2.0,17.0,8.0,15.0,Boredom
623,624,33,Non-binary,Instagram,190.0,8.0,105.0,36.0,50.0,Happiness
624,625,22,Female,Twitter,70.0,3.0,25.0,16.0,15.0,Sadness
625,626,31,Male,Facebook,80.0,2.0,20.0,10.0,20.0,Neutral
626,627,27,Non-binary,LinkedIn,55.0,1.0,12.0,5.0,11.0,Anxiety
627,628,25,Female,Instagram,160.0,6.0,85.0,26.0,30.0,Happiness
628,629,30,Male,Twitter,90.0,4.0,43.0,19.0,24.0,Anger
629,630,26,Non-binary,Facebook,45.0,1.0,8.0,4.0,12.0,Sadness
630,631,34,Female,LinkedIn,65.0,2.0,17.0,5.0,14.0,Boredom
631,632,28,Male,Instagram,145.0,7.0,80.0,30.0,35.0,Happiness
632,633,23,Non-binary,Twitter,70.0,3.0,30.0,14.0,18.0,Neutral
633,634,21,Female,Instagram,130.0,6.0,95.0,22.0,28.0,Sadness
634,635,29,Male,Facebook,65.0,2.0,27.0,11.0,22.0,Anxiety
635,636,24,Non-binary,LinkedIn,55.0,1.0,11.0,6.0,11.0,Boredom
636,637,33,Female,Instagram,170.0,7.0,95.0,30.0,38.0,Happiness
637,638,27,Male,Twitter,85.0,4.0,45.0,18.0,24.0,Anger
638,639,22,Female,Instagram,115.0,3.0,60.0,17.0,30.0,Neutral
639,640,28,Non-binary,Facebook,100.0,2.0,22.0,12.0,25.0,Anxiety
640,641,31,Male,LinkedIn,45.0,1.0,9.0,4.0,10.0,Sadness
641,Tabii, işte mevcut veri kümesini 1000 satıra tamamlıyorum:,,,,,,,,
642,642,25,Female,Instagram,150.0,6.0,90.0,26.0,30.0,Happiness
643,643,29,Male,Twitter,95.0,4.0,50.0,22.0,22.0,Anger
644,644,23,Non-binary,Facebook,105.0,2.0,25.0,12.0,18.0,Neutral
645,645,35,Female,LinkedIn,60.0,1.0,15.0,7.0,14.0,Boredom
646,646,30,Male,Instagram,175.0,7.0,100.0,33.0,38.0,Happiness
647,647,21,Female,Twitter,90.0,3.0,37.0,14.0,20.0,Sadness
648,648,26,Non-binary,Facebook,75.0,2.0,30.0,12.0,18.0,Anxiety
649,649,32,Male,Instagram,130.0,5.0,80.0,28.0,31.0,Neutral
650,650,28,Female,LinkedIn,55.0,1.0,12.0,6.0,10.0,Boredom
651,651,27,Male,Instagram,165.0,6.0,85.0,30.0,28.0,Happiness
652,652,24,Female,Twitter,75.0,3.0,33.0,18.0,19.0,Anger
653,653,29,Non-binary,Facebook,85.0,2.0,27.0,9.0,20.0,Neutral
654,654,33,Female,Instagram,145.0,4.0,65.0,23.0,35.0,Sadness
655,655,31,Male,LinkedIn,60.0,1.0,15.0,7.0,17.0,Anxiety
656,656,22,Female,Whatsapp,70.0,2.0,42.0,10.0,21.0,Anxiety
657,657,25,Male,Telegram,90.0,3.0,22.0,11.0,22.0,Boredom
658,658,29,Non-binary,Snapchat,50.0,2.0,18.0,7.0,18.0,Sadness
659,659,28,Female,Twitter,95.0,4.0,48.0,22.0,25.0,Happiness
660,660,27,Male,Facebook,60.0,1.0,12.0,5.0,15.0,Boredom
661,661,30,Female,Instagram,175.0,6.0,72.0,30.0,33.0,Happiness
662,662,23,Male,Whatsapp,70.0,3.0,22.0,10.0,18.0,Anger
663,663,34,Non-binary,Telegram,80.0,2.0,21.0,8.0,20.0,Neutral
664,664,26,Female,Snapchat,120.0,4.0,55.0,18.0,30.0,Anxiety
665,665,25,Male,Twitter,90.0,6.0,42.0,14.0,26.0,Sadness
666,666,29,Non-binary,Facebook,60.0,1.0,12.0,4.0,12.0,Boredom
667,667,28,Male,Instagram,165.0,5.0,78.0,23.0,35.0,Happiness
668,668,31,Female,Whatsapp,65.0,2.0,27.0,10.0,20.0,Neutral
669,669,27,Male,Telegram,105.0,3.0,48.0,20.0,28.0,Anxiety
670,670,22,Non-binary,Snapchat,75.0,2.0,21.0,8.0,20.0,Sadness
671,671,24,Female,Instagram,140.0,4.0,65.0,22.0,30.0,Happiness
672,672,35,Male,Twitter,70.0,1.0,13.0,8.0,10.0,Boredom
673,673,21,Non-binary,Facebook,55.0,3.0,17.0,7.0,12.0,Neutral
674,674,29,Female,Whatsapp,90.0,2.0,24.0,12.0,22.0,Anger
675,675,25,Male,Telegram,80.0,4.0,30.0,13.0,25.0,Neutral
676,676,28,Non-binary,Snapchat,115.0,3.0,38.0,18.0,27.0,Anxiety
677,677,32,Female,Instagram,155.0,6.0,75.0,25.0,38.0,Happiness
678,678,26,Male,Twitter,75.0,2.0,23.0,12.0,18.0,Sadness
679,679,33,Non-binary,Facebook,65.0,1.0,13.0,7.0,14.0,Anxiety
680,680,27,Female,Whatsapp,90.0,4.0,37.0,18.0,20.0,Neutral
681,681,31,Male,Telegram,50.0,2.0,20.0,10.0,12.0,Sadness
682,682,24,Non-binary,Snapchat,85.0,3.0,33.0,20.0,18.0,Happiness
683,683,34,Female,Instagram,120.0,5.0,60.0,25.0,25.0,Anger
684,684,22,Male,Twitter,70.0,1.0,22.0,7.0,22.0,Neutral
685,685,29,Non-binary,Facebook,75.0,2.0,20.0,8.0,20.0,Boredom
686,686,28,Female,Whatsapp,100.0,4.0,37.0,14.0,26.0,Anxiety
687,687,31,Male,Telegram,85.0,3.0,45.0,20.0,28.0,Sadness
688,688,21,Non-binary,Snapchat,60.0,1.0,18.0,7.0,12.0,Neutral
689,689,25,Female,Instagram,170.0,6.0,83.0,30.0,33.0,Happiness
690,690,30,Male,Twitter,70.0,2.0,30.0,12.0,20.0,Anxiety
691,691,27,Non-binary,Facebook,50.0,1.0,10.0,4.0,10.0,Boredom
692,692,32,Female,Whatsapp,105.0,4.0,55.0,25.0,25.0,Anger
693,693,24,Male,Telegram,75.0,3.0,37.0,16.0,22.0,Neutral
694,694,29,Female,Snapchat,95.0,2.0,23.0,10.0,28.0,Sadness
695,695,26,Male,Instagram,150.0,5.0,70.0,25.0,30.0,Anxiety
696,696,33,Non-binary,Twitter,85.0,4.0,35.0,18.0,18.0,Boredom
697,697,22,Female,Facebook,70.0,1.0,14.0,6.0,10.0,Neutral
698,698,35,Male,Whatsapp,110.0,3.0,50.0,25.0,25.0,Happiness
699,699,28,Non-binary,Telegram,60.0,2.0,18.0,8.0,18.0,Anger
700,700,27,Female,Snapchat,120.0,4.0,40.0,18.0,22.0,Neutral
701,701,25,Female,Instagram,120.0,5.0,50.0,20.0,25.0,Happiness
702,702,30,Male,Twitter,90.0,4.0,30.0,20.0,22.0,Anger
703,703,22,Non-binary,Facebook,60.0,2.0,20.0,10.0,15.0,Neutral
704,704,28,Female,Instagram,200.0,8.0,110.0,40.0,45.0,Anxiety
705,705,33,Male,LinkedIn,45.0,1.0,10.0,5.0,12.0,Boredom
706,706,21,Male,Instagram,150.0,5.0,65.0,25.0,30.0,Happiness
707,707,27,Female,Twitter,85.0,3.0,40.0,18.0,20.0,Anger
708,708,24,Non-binary,Facebook,110.0,6.0,35.0,16.0,25.0,Sadness
709,709,29,Female,LinkedIn,55.0,2.0,15.0,5.0,10.0,Neutral
710,710,31,Male,Instagram,170.0,7.0,90.0,35.0,40.0,Happiness
711,711,23,Female,Twitter,75.0,4.0,45.0,20.0,25.0,Anxiety
712,712,26,Non-binary,Facebook,95.0,3.0,30.0,14.0,18.0,Sadness
713,713,34,Male,LinkedIn,65.0,1.0,14.0,6.0,15.0,Boredom
714,714,22,Female,Instagram,180.0,8.0,100.0,38.0,45.0,Happiness
715,715,28,Male,Twitter,100.0,6.0,50.0,30.0,29.0,Anger
716,716,21,Non-binary,Facebook,40.0,1.0,10.0,4.0,12.0,Neutral
717,717,35,Female,Instagram,125.0,5.0,65.0,22.0,28.0,Anxiety
718,718,27,Male,Twitter,90.0,3.0,40.0,16.0,24.0,Sadness
719,719,23,Non-binary,LinkedIn,50.0,1.0,12.0,6.0,12.0,Neutral
720,720,32,Female,Instagram,140.0,6.0,75.0,28.0,30.0,Happiness
721,721,26,Male,Facebook,75.0,2.0,30.0,14.0,20.0,Anxiety
722,722,24,Female,Twitter,105.0,4.0,35.0,20.0,23.0,Anger
723,723,29,Male,LinkedIn,60.0,2.0,17.0,8.0,15.0,Boredom
724,724,33,Non-binary,Instagram,190.0,8.0,105.0,36.0,50.0,Happiness
725,725,22,Female,Twitter,70.0,3.0,25.0,16.0,15.0,Sadness
726,726,31,Male,Facebook,80.0,2.0,20.0,10.0,20.0,Neutral
727,727,27,Non-binary,LinkedIn,55.0,1.0,12.0,5.0,11.0,Anxiety
728,728,25,Female,Instagram,160.0,6.0,85.0,26.0,30.0,Happiness
729,729,30,Male,Twitter,90.0,4.0,43.0,19.0,24.0,Anger
730,730,26,Non-binary,Facebook,45.0,1.0,8.0,4.0,12.0,Sadness
731,731,34,Female,LinkedIn,65.0,2.0,17.0,5.0,14.0,Boredom
732,732,28,Male,Instagram,145.0,7.0,80.0,30.0,35.0,Happiness
733,733,23,Non-binary,Twitter,70.0,3.0,30.0,14.0,18.0,Neutral
734,734,21,Female,Instagram,130.0,6.0,95.0,22.0,28.0,Sadness
735,735,29,Male,Facebook,65.0,2.0,27.0,11.0,22.0,Anxiety
736,736,24,Non-binary,LinkedIn,55.0,1.0,11.0,6.0,11.0,Boredom
737,737,33,Female,Instagram,170.0,7.0,95.0,30.0,38.0,Happiness
738,738,27,Male,Twitter,85.0,4.0,45.0,18.0,24.0,Anger
739,739,22,Female,Instagram,115.0,3.0,60.0,17.0,30.0,Neutral
740,740,28,Non-binary,Facebook,100.0,2.0,22.0,12.0,25.0,Anxiety
741,741,31,Male,LinkedIn,45.0,1.0,9.0,4.0,10.0,Sadness
742,742,25,Female,Instagram,150.0,6.0,90.0,26.0,30.0,Happiness
743,743,29,Male,Twitter,95.0,4.0,50.0,22.0,22.0,Anger
744,744,23,Non-binary,Facebook,105.0,2.0,25.0,12.0,18.0,Neutral
745,745,35,Female,LinkedIn,60.0,1.0,15.0,7.0,14.0,Boredom
746,746,30,Male,Instagram,175.0,7.0,100.0,33.0,38.0,Happiness
747,747,21,Female,Twitter,90.0,3.0,37.0,14.0,20.0,Sadness
748,748,26,Non-binary,Facebook,75.0,2.0,30.0,12.0,18.0,Anxiety
749,749,32,Male,Instagram,130.0,5.0,80.0,28.0,31.0,Neutral
750,750,28,Female,LinkedIn,55.0,1.0,12.0,6.0,10.0,Boredom
751,751,Male,27,Instagram,165.0,6.0,85.0,30.0,28.0,Happiness
752,752,Female,24,Twitter,75.0,3.0,33.0,18.0,19.0,Anger
753,753,Non-binary,29,Facebook,85.0,2.0,27.0,9.0,20.0,Neutral
754,754,Female,33,Instagram,145.0,4.0,65.0,23.0,35.0,Sadness
755,755,Male,31,LinkedIn,60.0,1.0,15.0,7.0,17.0,Anxiety
756,756,Female,22,Whatsapp,70.0,2.0,42.0,10.0,21.0,Anxiety
757,757,Male,25,Telegram,90.0,3.0,22.0,11.0,22.0,Boredom
758,758,Non-binary,29,Snapchat,50.0,2.0,18.0,7.0,18.0,Sadness
759,759,Female,28,Twitter,95.0,4.0,48.0,22.0,25.0,Happiness
760,760,Male,27,Facebook,60.0,1.0,12.0,5.0,15.0,Boredom
761,761,Female,30,Instagram,175.0,6.0,72.0,30.0,33.0,Happiness
762,762,Male,23,Whatsapp,70.0,3.0,22.0,10.0,18.0,Anger
763,763,Non-binary,34,Telegram,80.0,2.0,21.0,8.0,20.0,Neutral
764,764,Female,26,Snapchat,120.0,4.0,55.0,18.0,30.0,Anxiety
765,765,Male,25,Twitter,90.0,6.0,42.0,14.0,26.0,Sadness
766,766,Non-binary,29,Facebook,60.0,1.0,12.0,4.0,12.0,Boredom
767,767,Male,28,Instagram,165.0,5.0,78.0,23.0,35.0,Happiness
768,768,Female,31,Whatsapp,65.0,2.0,27.0,10.0,20.0,Neutral
769,769,Male,27,Telegram,105.0,3.0,48.0,20.0,28.0,Anxiety
770,770,Non-binary,22,Snapchat,75.0,2.0,21.0,8.0,20.0,Sadness
771,771,Female,24,Instagram,140.0,4.0,65.0,22.0,30.0,Happiness
772,772,Male,35,Twitter,70.0,1.0,13.0,8.0,10.0,Boredom
773,773,Non-binary,21,Facebook,55.0,3.0,17.0,7.0,12.0,Neutral
774,774,Female,29,Whatsapp,90.0,2.0,24.0,12.0,22.0,Anger
775,775,Male,25,Telegram,80.0,4.0,30.0,13.0,25.0,Neutral
776,776,Non-binary,28,Snapchat,115.0,3.0,38.0,18.0,27.0,Anxiety
777,777,Female,32,Instagram,155.0,6.0,75.0,25.0,38.0,Happiness
778,778,Male,26,Twitter,75.0,2.0,23.0,12.0,18.0,Sadness
779,779,Non-binary,33,Facebook,65.0,1.0,13.0,7.0,14.0,Anxiety
780,780,Female,27,Whatsapp,90.0,4.0,37.0,18.0,20.0,Neutral
781,781,Male,31,Telegram,50.0,2.0,20.0,10.0,12.0,Sadness
782,782,Non-binary,24,Snapchat,85.0,3.0,33.0,20.0,18.0,Happiness
783,783,Female,34,Instagram,120.0,5.0,60.0,25.0,25.0,Anger
784,784,Male,22,Twitter,70.0,1.0,22.0,7.0,22.0,Neutral
785,785,Non-binary,29,Facebook,75.0,2.0,20.0,8.0,20.0,Boredom
786,786,Female,28,Whatsapp,100.0,4.0,37.0,14.0,26.0,Anxiety
787,787,Male,31,Telegram,85.0,3.0,45.0,20.0,28.0,Sadness
788,788,Non-binary,21,Snapchat,60.0,1.0,18.0,7.0,12.0,Neutral
789,789,25,Female,Instagram,170.0,6.0,83.0,30.0,33.0,Happiness
790,790,30,Male,Twitter,70.0,2.0,30.0,12.0,20.0,Anxiety
791,791,27,Non-binary,Facebook,50.0,1.0,10.0,4.0,10.0,Boredom
792,792,32,Female,Whatsapp,105.0,4.0,55.0,25.0,25.0,Anger
793,793,24,Male,Telegram,75.0,3.0,37.0,16.0,22.0,Neutral
794,794,29,Female,Snapchat,95.0,2.0,23.0,10.0,28.0,Sadness
795,795,26,Male,Instagram,150.0,5.0,70.0,25.0,30.0,Anxiety
796,796,33,Non-binary,Twitter,85.0,4.0,35.0,18.0,18.0,Boredom
797,797,22,Female,Facebook,70.0,1.0,14.0,6.0,10.0,Neutral
798,798,35,Male,Whatsapp,110.0,3.0,50.0,25.0,25.0,Happiness
799,799,28,Non-binary,Telegram,60.0,2.0,18.0,8.0,18.0,Anger
800,800,27,Female,Snapchat,120.0,4.0,40.0,18.0,22.0,Neutral
801,801,25,Female,Instagram,120.0,5.0,50.0,20.0,25.0,Happiness
802,802,30,Male,Twitter,90.0,4.0,30.0,20.0,22.0,Anger
803,803,22,Non-binary,Facebook,60.0,2.0,20.0,10.0,15.0,Neutral
804,804,28,Female,Instagram,200.0,8.0,110.0,40.0,45.0,Anxiety
805,805,33,Male,LinkedIn,45.0,1.0,10.0,5.0,12.0,Boredom
806,806,21,Male,Instagram,150.0,5.0,65.0,25.0,30.0,Happiness
807,807,27,Female,Twitter,85.0,3.0,40.0,18.0,20.0,Anger
808,808,24,Non-binary,Facebook,110.0,6.0,35.0,16.0,25.0,Sadness
809,809,29,Female,LinkedIn,55.0,2.0,15.0,5.0,10.0,Neutral
810,810,31,Male,Instagram,170.0,7.0,90.0,35.0,40.0,Happiness
811,811,23,Female,Twitter,75.0,4.0,45.0,20.0,25.0,Anxiety
812,812,26,Non-binary,Facebook,95.0,3.0,30.0,14.0,18.0,Sadness
813,813,34,Male,LinkedIn,65.0,1.0,14.0,6.0,15.0,Boredom
814,814,22,Female,Instagram,180.0,8.0,100.0,38.0,45.0,Happiness
815,815,28,Male,Twitter,100.0,6.0,50.0,30.0,29.0,Anger
816,816,21,Non-binary,Facebook,40.0,1.0,10.0,4.0,12.0,Neutral
817,817,35,Female,Instagram,125.0,5.0,65.0,22.0,28.0,Anxiety
818,818,27,Male,Twitter,90.0,3.0,40.0,16.0,24.0,Sadness
819,819,23,Non-binary,LinkedIn,50.0,1.0,12.0,6.0,12.0,Neutral
820,820,32,Female,Instagram,140.0,6.0,75.0,28.0,30.0,Happiness
821,821,26,Male,Facebook,75.0,2.0,30.0,14.0,20.0,Anxiety
822,822,24,Female,Twitter,105.0,4.0,35.0,20.0,23.0,Anger
823,823,29,Male,LinkedIn,60.0,2.0,17.0,8.0,15.0,Boredom
824,824,33,Non-binary,Instagram,190.0,8.0,105.0,36.0,50.0,Happiness
825,825,22,Female,Twitter,70.0,3.0,25.0,16.0,15.0,Sadness
826,826,31,Male,Facebook,80.0,2.0,20.0,10.0,20.0,Neutral
827,827,27,Non-binary,LinkedIn,55.0,1.0,12.0,5.0,11.0,Anxiety
828,828,25,Female,Instagram,160.0,6.0,85.0,26.0,30.0,Happiness
829,829,30,Male,Twitter,90.0,4.0,43.0,19.0,24.0,Anger
830,830,26,Non-binary,Facebook,45.0,1.0,8.0,4.0,12.0,Sadness
831,831,34,Female,LinkedIn,65.0,2.0,17.0,5.0,14.0,Boredom
832,832,28,Male,Instagram,145.0,7.0,80.0,30.0,35.0,Happiness
833,833,23,Non-binary,Twitter,70.0,3.0,30.0,14.0,18.0,Neutral
834,834,21,Female,Instagram,130.0,6.0,95.0,22.0,28.0,Sadness
835,835,29,Male,Facebook,65.0,2.0,27.0,11.0,22.0,Anxiety
836,836,24,Non-binary,LinkedIn,55.0,1.0,11.0,6.0,11.0,Boredom
837,837,33,Female,Instagram,170.0,7.0,95.0,30.0,38.0,Happiness
838,838,27,Male,Twitter,85.0,4.0,45.0,18.0,24.0,Anger
839,839,22,Female,Instagram,115.0,3.0,60.0,17.0,30.0,Neutral
840,840,28,Non-binary,Facebook,100.0,2.0,22.0,12.0,25.0,Anxiety
841,841,31,Male,LinkedIn,45.0,1.0,9.0,4.0,10.0,Sadness
842,842,25,Female,Instagram,150.0,6.0,90.0,26.0,30.0,Happiness
843,843,29,Male,Twitter,95.0,4.0,50.0,22.0,22.0,Anger
844,844,23,Non-binary,Facebook,105.0,2.0,25.0,12.0,18.0,Neutral
845,845,35,Female,LinkedIn,60.0,1.0,15.0,7.0,14.0,Boredom
846,846,30,Male,Instagram,175.0,7.0,100.0,33.0,38.0,Happiness
847,847,21,Female,Twitter,90.0,3.0,37.0,14.0,20.0,Sadness
848,848,26,Non-binary,Facebook,75.0,2.0,30.0,12.0,18.0,Anxiety
849,849,32,Male,Instagram,130.0,5.0,80.0,28.0,31.0,Neutral
850,850,28,Female,LinkedIn,55.0,1.0,12.0,6.0,10.0,Boredom
851,851,27,Male,Instagram,165.0,6.0,85.0,30.0,28.0,Happiness
852,852,24,Female,Twitter,75.0,3.0,33.0,18.0,19.0,Anger
853,853,29,Non-binary,Facebook,85.0,2.0,27.0,9.0,20.0,Neutral
854,854,33,Female,Instagram,145.0,4.0,65.0,23.0,35.0,Sadness
855,855,31,Male,LinkedIn,60.0,1.0,15.0,7.0,17.0,Anxiety
856,856,22,Female,Whatsapp,70.0,2.0,42.0,10.0,21.0,Anxiety
857,857,25,Male,Telegram,90.0,3.0,22.0,11.0,22.0,Boredom
858,858,29,Non-binary,Snapchat,50.0,2.0,18.0,7.0,18.0,Sadness
859,859,28,Female,Twitter,95.0,4.0,48.0,22.0,25.0,Happiness
860,860,27,Male,Facebook,60.0,1.0,12.0,5.0,15.0,Boredom
861,861,30,Female,Instagram,175.0,6.0,72.0,30.0,33.0,Happiness
862,862,23,Male,Whatsapp,70.0,3.0,22.0,10.0,18.0,Anger
863,863,34,Non-binary,Telegram,80.0,2.0,21.0,8.0,20.0,Neutral
864,864,26,Female,Snapchat,120.0,4.0,55.0,18.0,30.0,Anxiety
865,865,25,Male,Twitter,90.0,6.0,42.0,14.0,26.0,Sadness
866,866,29,Non-binary,Facebook,60.0,1.0,12.0,4.0,12.0,Boredom
867,867,28,Male,Instagram,165.0,5.0,78.0,23.0,35.0,Happiness
868,868,31,Female,Whatsapp,65.0,2.0,27.0,10.0,20.0,Neutral
869,869,27,Male,Telegram,105.0,3.0,48.0,20.0,28.0,Anxiety
870,870,22,Non-binary,Snapchat,75.0,2.0,21.0,8.0,20.0,Sadness
871,871,24,Female,Instagram,140.0,4.0,65.0,22.0,30.0,Happiness
872,872,35,Male,Twitter,70.0,1.0,13.0,8.0,10.0,Boredom
873,873,21,Non-binary,Facebook,55.0,3.0,17.0,7.0,12.0,Neutral
874,874,29,Female,Whatsapp,90.0,2.0,24.0,12.0,22.0,Anger
875,875,25,Male,Telegram,80.0,4.0,30.0,13.0,25.0,Neutral
876,876,28,Non-binary,Snapchat,115.0,3.0,38.0,18.0,27.0,Anxiety
877,877,32,Female,Instagram,155.0,6.0,75.0,25.0,38.0,Happiness
878,878,26,Male,Twitter,75.0,2.0,23.0,12.0,18.0,Sadness
879,879,33,Non-binary,Facebook,65.0,1.0,13.0,7.0,14.0,Anxiety
880,880,27,Female,Whatsapp,90.0,4.0,37.0,18.0,20.0,Neutral
881,881,31,Male,Telegram,50.0,2.0,20.0,10.0,12.0,Sadness
882,882,24,Non-binary,Snapchat,85.0,3.0,33.0,20.0,18.0,Happiness
883,883,34,Female,Instagram,120.0,5.0,60.0,25.0,25.0,Anger
884,884,22,Male,Twitter,70.0,1.0,22.0,7.0,22.0,Neutral
885,885,29,Non-binary,Facebook,75.0,2.0,20.0,8.0,20.0,Boredom
886,886,28,Female,Whatsapp,100.0,4.0,37.0,14.0,26.0,Anxiety
887,887,31,Male,Telegram,85.0,3.0,45.0,20.0,28.0,Sadness
888,888,21,Non-binary,Snapchat,60.0,1.0,18.0,7.0,12.0,Neutral
889,889,25,Female,Instagram,170.0,6.0,83.0,30.0,33.0,Happiness
890,890,30,Male,Twitter,70.0,2.0,30.0,12.0,20.0,Anxiety
891,891,27,Non-binary,Facebook,50.0,1.0,10.0,4.0,10.0,Boredom
892,892,32,Female,Whatsapp,105.0,4.0,55.0,25.0,25.0,Anger
893,893,24,Male,Telegram,75.0,3.0,37.0,16.0,22.0,Neutral
894,894,29,Female,Snapchat,95.0,2.0,23.0,10.0,28.0,Sadness
895,895,26,Male,Instagram,150.0,5.0,70.0,25.0,30.0,Anxiety
896,896,33,Non-binary,Twitter,85.0,4.0,35.0,18.0,18.0,Boredom
897,897,22,Female,Facebook,70.0,1.0,14.0,6.0,10.0,Neutral
898,898,35,Male,Whatsapp,110.0,3.0,50.0,25.0,25.0,Happiness
899,899,28,Non-binary,Telegram,60.0,2.0,18.0,8.0,18.0,Anger
900,900,27,Female,Snapchat,120.0,4.0,40.0,18.0,22.0,Neutral
901,901,25,Female,Instagram,120.0,5.0,50.0,20.0,25.0,Happiness
902,902,30,Male,Twitter,90.0,4.0,30.0,20.0,22.0,Anger
903,903,22,Non-binary,Facebook,60.0,2.0,20.0,10.0,15.0,Neutral
904,904,28,Female,Instagram,200.0,8.0,110.0,40.0,45.0,Anxiety
905,905,33,Male,LinkedIn,45.0,1.0,10.0,5.0,12.0,Boredom
906,906,21,Male,Instagram,150.0,5.0,65.0,25.0,30.0,Happiness
907,907,27,Female,Twitter,85.0,3.0,40.0,18.0,20.0,Anger
908,908,24,Non-binary,Facebook,110.0,6.0,35.0,16.0,25.0,Sadness
909,909,29,Female,LinkedIn,55.0,2.0,15.0,5.0,10.0,Neutral
910,910,31,Male,Instagram,170.0,7.0,90.0,35.0,40.0,Happiness
911,911,23,Female,Twitter,75.0,4.0,45.0,20.0,25.0,Anxiety
912,912,26,Non-binary,Facebook,95.0,3.0,30.0,14.0,18.0,Sadness
913,913,34,Male,LinkedIn,65.0,1.0,14.0,6.0,15.0,Boredom
914,914,22,Female,Instagram,180.0,8.0,100.0,38.0,45.0,Happiness
915,915,28,Male,Twitter,100.0,6.0,50.0,30.0,29.0,Anger
916,916,21,Non-binary,Facebook,40.0,1.0,10.0,4.0,12.0,Neutral
917,917,35,Female,Instagram,125.0,5.0,65.0,22.0,28.0,Anxiety
918,918,27,Male,Twitter,90.0,3.0,40.0,16.0,24.0,Sadness
919,919,23,Non-binary,LinkedIn,50.0,1.0,12.0,6.0,12.0,Neutral
920,920,32,Female,Instagram,140.0,6.0,75.0,28.0,30.0,Happiness
921,921,26,Male,Facebook,75.0,2.0,30.0,14.0,20.0,Anxiety
922,922,24,Female,Twitter,105.0,4.0,35.0,20.0,23.0,Anger
923,923,29,Male,LinkedIn,60.0,2.0,17.0,8.0,15.0,Boredom
924,924,33,Non-binary,Instagram,190.0,8.0,105.0,36.0,50.0,Happiness
925,925,22,Female,Twitter,70.0,3.0,25.0,16.0,15.0,Sadness
926,926,31,Male,Facebook,80.0,2.0,20.0,10.0,20.0,Neutral
927,927,27,Non-binary,LinkedIn,55.0,1.0,12.0,5.0,11.0,Anxiety
928,928,25,Female,Instagram,160.0,6.0,85.0,26.0,30.0,Happiness
929,929,30,Male,Twitter,90.0,4.0,43.0,19.0,24.0,Anger
930,930,26,Non-binary,Facebook,45.0,1.0,8.0,4.0,12.0,Sadness
931,931,34,Female,LinkedIn,65.0,2.0,17.0,5.0,14.0,Boredom
932,932,28,Male,Instagram,145.0,7.0,80.0,30.0,35.0,Happiness
933,933,23,Non-binary,Twitter,70.0,3.0,30.0,14.0,18.0,Neutral
934,934,21,Female,Instagram,130.0,6.0,95.0,22.0,28.0,Sadness
935,935,29,Male,Facebook,65.0,2.0,27.0,11.0,22.0,Anxiety
936,936,24,Non-binary,LinkedIn,55.0,1.0,11.0,6.0,11.0,Boredom
937,937,33,Female,Instagram,170.0,7.0,95.0,30.0,38.0,Happiness
938,938,27,Male,Twitter,85.0,4.0,45.0,18.0,24.0,Anger
939,939,22,Female,Instagram,115.0,3.0,60.0,17.0,30.0,Neutral
940,940,28,Non-binary,Facebook,100.0,2.0,22.0,12.0,25.0,Anxiety
941,941,31,Male,LinkedIn,45.0,1.0,9.0,4.0,10.0,Sadness
942,942,25,Female,Instagram,150.0,6.0,90.0,26.0,30.0,Happiness
943,943,29,Male,Twitter,95.0,4.0,50.0,22.0,22.0,Anger
944,944,23,Non-binary,Facebook,105.0,2.0,25.0,12.0,18.0,Neutral
945,945,35,Female,LinkedIn,60.0,1.0,15.0,7.0,14.0,Boredom
946,946,30,Male,Instagram,175.0,7.0,100.0,33.0,38.0,Happiness
947,947,21,Female,Twitter,90.0,3.0,37.0,14.0,20.0,Sadness
948,948,26,Non-binary,Facebook,75.0,2.0,30.0,12.0,18.0,Anxiety
949,949,32,Male,Instagram,130.0,5.0,80.0,28.0,31.0,Neutral
950,950,28,Female,LinkedIn,55.0,1.0,12.0,6.0,10.0,Boredom
951,951,27,Male,Instagram,165.0,6.0,85.0,30.0,28.0,Happiness
952,952,24,Female,Twitter,75.0,3.0,33.0,18.0,19.0,Anger
953,953,29,Non-binary,Facebook,85.0,2.0,27.0,9.0,20.0,Neutral
954,954,33,Female,Instagram,145.0,4.0,65.0,23.0,35.0,Sadness
955,955,31,Male,LinkedIn,60.0,1.0,15.0,7.0,17.0,Anxiety
956,956,22,Female,Whatsapp,70.0,2.0,42.0,10.0,21.0,Anxiety
957,957,25,Male,Telegram,90.0,3.0,22.0,11.0,22.0,Boredom
958,958,29,Non-binary,Snapchat,50.0,2.0,18.0,7.0,18.0,Sadness
959,959,28,Female,Twitter,95.0,4.0,48.0,22.0,25.0,Happiness
960,960,27,Male,Facebook,60.0,1.0,12.0,5.0,15.0,Boredom
961,961,30,Female,Instagram,175.0,6.0,72.0,30.0,33.0,Happiness
962,962,23,Male,Whatsapp,70.0,3.0,22.0,10.0,18.0,Anger
963,963,34,Non-binary,Telegram,80.0,2.0,21.0,8.0,20.0,Neutral
964,964,26,Female,Snapchat,120.0,4.0,55.0,18.0,30.0,Anxiety
965,965,25,Male,Twitter,90.0,6.0,42.0,14.0,26.0,Sadness
966,966,29,Non-binary,Facebook,60.0,1.0,12.0,4.0,12.0,Boredom
967,967,28,Male,Instagram,165.0,5.0,78.0,23.0,35.0,Happiness
968,968,31,Female,Whatsapp,65.0,2.0,27.0,10.0,20.0,Neutral
969,969,27,Male,Telegram,105.0,3.0,48.0,20.0,28.0,Anxiety
970,970,22,Non-binary,Snapchat,75.0,2.0,21.0,8.0,20.0,Sadness
971,971,24,Female,Instagram,140.0,4.0,65.0,22.0,30.0,Happiness
972,972,35,Male,Twitter,70.0,1.0,13.0,8.0,10.0,Boredom
973,973,21,Non-binary,Facebook,55.0,3.0,17.0,7.0,12.0,Neutral
974,974,29,Female,Whatsapp,90.0,2.0,24.0,12.0,22.0,Anger
975,975,25,Male,Telegram,80.0,4.0,30.0,13.0,25.0,Neutral
976,976,28,Non-binary,Snapchat,115.0,3.0,38.0,18.0,27.0,Anxiety
977,977,32,Female,Instagram,155.0,6.0,75.0,25.0,38.0,Happiness
978,978,26,Male,Twitter,75.0,2.0,23.0,12.0,18.0,Sadness
979,979,33,Non-binary,Facebook,65.0,1.0,13.0,7.0,14.0,Anxiety
980,980,27,Female,Whatsapp,90.0,4.0,37.0,18.0,20.0,Neutral
981,981,31,Male,Telegram,50.0,2.0,20.0,10.0,12.0,Sadness
982,982,24,Non-binary,Snapchat,85.0,3.0,33.0,20.0,18.0,Happiness
983,983,34,Female,Instagram,120.0,5.0,60.0,25.0,25.0,Anger
984,984,22,Male,Twitter,70.0,1.0,22.0,7.0,22.0,Neutral
985,985,29,Non-binary,Facebook,75.0,2.0,20.0,8.0,20.0,Boredom
986,986,28,Female,Whatsapp,100.0,4.0,37.0,14.0,26.0,Anxiety
987,987,31,Male,Telegram,85.0,3.0,45.0,20.0,28.0,Sadness
988,988,21,Non-binary,Snapchat,60.0,1.0,18.0,7.0,12.0,Neutral
989,989,25,Female,Instagram,170.0,6.0,83.0,30.0,33.0,Happiness
990,990,30,Male,Twitter,70.0,2.0,30.0,12.0,20.0,Anxiety
991,991,27,Non-binary,Facebook,50.0,1.0,10.0,4.0,10.0,Boredom
992,992,32,Female,Whatsapp,105.0,4.0,55.0,25.0,25.0,Anger
993,993,24,Male,Telegram,75.0,3.0,37.0,16.0,22.0,Neutral
994,994,29,Female,Snapchat,95.0,2.0,23.0,10.0,28.0,Sadness
995,995,26,Male,Instagram,150.0,5.0,70.0,25.0,30.0,Anxiety
996,996,33,Non-binary,Twitter,85.0,4.0,35.0,18.0,18.0,Boredom
997,997,22,Female,Facebook,70.0,1.0,14.0,6.0,10.0,Neutral
998,998,35,Male,Whatsapp,110.0,3.0,50.0,25.0,25.0,Happiness
999,999,28,Non-binary,Telegram,60.0,2.0,18.0,8.0,18.0,Anger
1000,1000,27,Female,Snapchat,120.0,4.0,40.0,18.0,22.0,Neutral
0,500,27,Female,Snapchat,120.0,4.0,40.0,18.0,22,Neutral
1,488,21,Non-binary,Snapchat,60.0,1.0,18.0,7.0,12,Neutral
2,776,28,Non-binary,Snapchat,115.0,3.0,38.0,18.0,27,Anxiety
3,869,27,Male,Telegram,105.0,3.0,48.0,20.0,28,Anxiety
4,573,21,Non-binary,Facebook,55.0,3.0,17.0,7.0,12,Neutral
5,428,25,Female,Instagram,160.0,6.0,85.0,26.0,30,Happiness
6,528,25,Female,Instagram,160.0,6.0,85.0,26.0,30,Happiness
7,773,21,Non-binary,Facebook,55.0,3.0,17.0,7.0,12,Neutral
8,382,24,Non-binary,Snapchat,85.0,3.0,33.0,20.0,18,Happiness
9,505,33,Male,LinkedIn,45.0,1.0,10.0,5.0,12,Boredom
10,20,32,Female,Instagram,140.0,5.0,70.0,22.0,33,Happiness
11,444,23,Non-binary,Facebook,105.0,2.0,25.0,12.0,18,Neutral
12,720,32,Female,Instagram,140.0,6.0,75.0,28.0,30,Happiness
13,328,25,Female,Instagram,160.0,6.0,85.0,26.0,30,Happiness
14,372,35,Male,Twitter,70.0,1.0,13.0,8.0,10,Boredom
15,555,31,Male,LinkedIn,60.0,1.0,15.0,7.0,17,Anxiety
16,181,31,Male,Telegram,50.0,2.0,20.0,10.0,12,Sadness
17,413,34,Male,LinkedIn,65.0,1.0,14.0,6.0,15,Boredom
18,132,28,Male,Instagram,145.0,5.0,75.0,20.0,35,Happiness
19,743,29,Male,Twitter,95.0,4.0,50.0,22.0,22,Anger
20,526,31,Male,Facebook,80.0,2.0,20.0,10.0,20,Neutral
21,962,23,Male,Whatsapp,70.0,3.0,22.0,10.0,18,Anger
22,497,22,Female,Facebook,70.0,1.0,14.0,6.0,10,Neutral
23,275,25,Male,Telegram,80.0,4.0,30.0,13.0,25,Neutral
24,836,24,Non-binary,LinkedIn,55.0,1.0,11.0,6.0,11,Boredom
25,35,29,Male,Facebook,65.0,2.0,22.0,8.0,20,Anxiety
26,760,27,Male,Facebook,60.0,1.0,12.0,5.0,15,Boredom
27,700,27,Female,Snapchat,120.0,4.0,40.0,18.0,22,Neutral
28,58,29,Non-binary,Snapchat,50.0,2.0,15.0,5.0,18,Sadness
29,481,31,Male,Telegram,50.0,2.0,20.0,10.0,12,Sadness
30,847,21,Female,Twitter,90.0,3.0,37.0,14.0,20,Sadness
31,850,28,Female,LinkedIn,55.0,1.0,12.0,6.0,10,Boredom
32,487,31,Male,Telegram,85.0,3.0,45.0,20.0,28,Sadness
33,820,32,Female,Instagram,140.0,6.0,75.0,28.0,30,Happiness
34,776,28,Non-binary,Snapchat,115.0,3.0,38.0,18.0,27,Anxiety
35,932,28,Male,Instagram,145.0,7.0,80.0,30.0,35,Happiness
36,599,28,Non-binary,Telegram,60.0,2.0,18.0,8.0,18,Anger
37,627,27,Non-binary,LinkedIn,55.0,1.0,12.0,5.0,11,Anxiety
38,212,26,Non-binary,Facebook,95.0,3.0,30.0,14.0,18,Sadness
39,872,35,Male,Twitter,70.0,1.0,13.0,8.0,10,Boredom
40,155,31,Male,LinkedIn,60.0,1.0,15.0,7.0,17,Anxiety
41,830,26,Non-binary,Facebook,45.0,1.0,8.0,4.0,12,Sadness
42,174,29,Female,Whatsapp,90.0,2.0,24.0,12.0,22,Anger
43,119,23,Non-binary,LinkedIn,50.0,1.0,12.0,6.0,12,Neutral
44,490,30,Male,Twitter,70.0,2.0,30.0,12.0,20,Anxiety
45,594,29,Female,Snapchat,95.0,2.0,23.0,10.0,28,Sadness
46,651,Male,27,Instagram,165.0,6.0,85.0,30.0,28,Happiness
47,713,34,Male,LinkedIn,65.0,1.0,14.0,6.0,15,Boredom
48,801,25,Female,Instagram,120.0,5.0,50.0,20.0,25,Happiness
49,319,23,Non-binary,LinkedIn,50.0,1.0,12.0,6.0,12,Neutral
50,783,34,Female,Instagram,120.0,5.0,60.0,25.0,25,Anger
51,376,28,Non-binary,Snapchat,115.0,3.0,38.0,18.0,27,Anxiety
52,562,23,Male,Whatsapp,70.0,3.0,22.0,10.0,18,Anger
53,693,24,Male,Telegram,75.0,3.0,37.0,16.0,22,Neutral
54,76,28,Male,Twitter,90.0,4.0,48.0,22.0,25,Anxiety
55,169,27,Male,Telegram,105.0,3.0,45.0,15.0,28,Anxiety
56,900,27,Female,Snapchat,120.0,4.0,40.0,18.0,22,Neutral
57,986,28,Female,Whatsapp,100.0,4.0,37.0,14.0,26,Anxiety
58,807,27,Female,Twitter,85.0,3.0,40.0,18.0,20,Anger
59,275,25,Male,Telegram,80.0,4.0,28.0,11.0,25,Neutral
60,815,28,Male,Twitter,100.0,6.0,50.0,30.0,29,Anger
61,227,27,Non-binary,LinkedIn,55.0,1.0,9.0,2.0,11,Anxiety
62,60,27,Male,Facebook,60.0,1.0,10.0,4.0,15,Boredom
63,866,29,Non-binary,Facebook,60.0,1.0,12.0,4.0,12,Boredom
64,944,23,Non-binary,Facebook,105.0,2.0,25.0,12.0,18,Neutral
65,711,23,Female,Twitter,75.0,4.0,45.0,20.0,25,Anxiety
66,211,23,Female,Twitter,75.0,4.0,45.0,20.0,25,Anxiety
67,33,23,Non-binary,Twitter,70.0,3.0,27.0,11.0,18,Neutral
68,348,26,Non-binary,Facebook,75.0,2.0,30.0,12.0,18,Anxiety
69,944,23,Non-binary,Facebook,105.0,2.0,25.0,12.0,18,Neutral
70,846,30,Male,Instagram,175.0,7.0,100.0,33.0,38,Happiness
71,672,35,Male,Twitter,70.0,1.0,13.0,8.0,10,Boredom
72,223,29,Male,LinkedIn,60.0,2.0,15.0,5.0,10,Neutral
73,926,31,Male,Facebook,80.0,2.0,20.0,10.0,20,Neutral
74,81,31,Male,Telegram,50.0,2.0,18.0,6.0,10,Boredom
75,526,31,Male,Facebook,80.0,2.0,20.0,10.0,20,Neutral
76,997,22,Female,Facebook,70.0,1.0,14.0,6.0,10,Neutral
77,561,31,Male,Instagram,175.0,6.0,72.0,30.0,33,Happiness
78,48,26,Non-binary,Facebook,75.0,2.0,28.0,11.0,18,Anxiety
79,849,32,Marie,Instagram,130.0,5.0,80.0,28.0,31,Neutral
80,621,26,Male,Facebook,75.0,2.0,30.0,14.0,20,Anxiety
81,261,29,Female,Snapchat,90.0,3.0,22.0,10.0,21,Sadness
82,16,21,Non-binary,Facebook,40.0,1.0,5.0,2.0,10,Neutral
83,170,22,Non-binary,Snapchat,75.0,2.0,21.0,8.0,20,Sadness
84,653,29,Non-binary,Facebook,85.0,2.0,27.0,9.0,20,Neutral
85,422,24,Female,Twitter,105.0,4.0,35.0,20.0,23,Anger
86,378,26,Male,Twitter,75.0,2.0,23.0,12.0,18,Sadness
87,304,28,Female,Instagram,200.0,8.0,110.0,40.0,45,Anxiety
88,149,32,Male,Instagram,130.0,5.0,70.0,19.0,31,Neutral
89,290,30,Male,Twitter,70.0,2.0,28.0,10.0,20,Anxiety
90,759,28,Female,Twitter,95.0,4.0,48.0,22.0,25,Happiness
91,205,33,Male,LinkedIn,45.0,1.0,10.0,5.0,12,Boredom
92,719,23,Non-binary,LinkedIn,50.0,1.0,12.0,6.0,12,Neutral
93,666,29,Non-binary,Facebook,60.0,1.0,12.0,4.0,12,Boredom
94,476,28,Non-binary,Snapchat,115.0,3.0,38.0,18.0,26,Anxiety
95,278,26,Male,Twitter,75.0,2.0,23.0,12.0,18,Sadness
96,821,26,Male,Facebook,75.0,2.0,30.0,14.0,20,Anxiety
97,418,27,Male,Twitter,90.0,3.0,40.0,16.0,24,Sadness
98,184,22,Male,Twitter,70.0,1.0,20.0,5.0,22,Neutral
99,896,33,Male,LinkedIn,85.0,4.0,35.0,18.0,18,Boredom
100,708,24,Non-binary,Facebook,110.0,6.0,35.0,23.0,25,Sadness
101,993,24,Male,Telegram,75.0,3.0,37.0,16.0,22,Neutral
102,60,27,Male,Facebook,60.0,1.0,10.0,4.0,15,Boredom
0,10,31,Male,Instagram,170.0,5.0,80.0,20.0,35,Happiness
1,877,32,Female,Instagram,155.0,6.0,75.0,25.0,38,Happiness
2,230,26,Non-binary,Facebook,45.0,1.0,8.0,4.0,12,Sadness
3,876,28,Non-binary,Snapchat,115.0,3.0,38.0,18.0,27,Anxiety
4,376,28,Non-binary,Snapchat,115.0,3.0,38.0,18.0,27,Anxiety
5,876,28,Non-binary,Snapchat,115.0,3.0,38.0,18.0,27,Anxiety
6,676,28,Non-binary,Snapchat,115.0,3.0,38.0,18.0,27,Anxiety
7,872,35,Male,Twitter,70.0,1.0,13.0,8.0,10,Boredom
8,28,25,Female,Instagram,160.0,6.0,85.0,19.0,32,Happiness
9,100,27,Female,Snapchat,120.0,4.0,38.0,13.0,22,Neutral
10,381,31,Male,Telegram,50.0,2.0,20.0,10.0,12,Sadness
11,465,25,Male,Twitter,90.0,6.0,42.0,14.0,26,Sadness
12,371,24,Female,Instagram,140.0,4.0,65.0,22.0,30,Happiness
13,54,33,Female,Instagram,145.0,4.0,60.0,18.0,35,Sadness
14,752,Female,24,Twitter,75.0,3.0,33.0,18.0,19,Anger
15,23,29,Male,LinkedIn,60.0,2.0,11.0,5.0,17,Boredom
16,371,24,Female,Instagram,140.0,4.0,65.0,22.0,30,Happiness
17,754,33,Female,Instagram,145.0,4.0,65.0,23.0,35,Sadness
18,592,32,Female,Whatsapp,105.0,4.0,55.0,25.0,25,Anger
19,159,28,Female,Twitter,95.0,4.0,48.0,22.0,25,Happiness
20,388,21,Non-binary,Snapchat,60.0,1.0,18.0,7.0,12,Neutral
21,128,25,Female,Instagram,160.0,6.0,85.0,26.0,30,Happiness
22,826,31,Male,Facebook,80.0,2.0,20.0,10.0,20,Neutral
23,495,26,Male,Instagram,150.0,5.0,70.0,25.0,30,Anxiety
24,100,27,Female,Snapchat,120.0,4.0,38.0,13.0,22,Neutral
25,211,23,Female,Twitter,75.0,4.0,45.0,20.0,25,Anxiety
26,5,33,Male,LinkedIn,45.0,1.0,5.0,2.0,10,Boredom
27,115,28,Male,Twitter,100.0,6.0,50.0,30.0,29,Anger
28,750,27,Female,Instagram,165.0,6.0,85.0,30.0,28,Happiness
29,185,29,Non-binary,Facebook,75.0,2.0,20.0,8.0,20,Boredom
30,810,31,Male,Instagram,170.0,7.0,90.0,35.0,40,Happiness
31,160,27,Male,Facebook,60.0,1.0,12.0,5.0,15,Boredom
32,978,26,Male,Twitter,75.0,2.0,23.0,12.0,18,Sadness
33,745,35,Male,LinkedIn,60.0,1.0,15.0,5.0,14,Boredom
34,896,33,Non-binary,Twitter,85.0,4.0,35.0,18.0,18,Boredom
35,611,26,Non-binary,Facebook,95.0,3.0,20.0,9.0,21,Anxiety
36,416,21,Non-binary,Facebook,40.0,1.0,10.0,4.0,22,Neutral
37,763,34,Non-binary,Telegram,80.0,3.0,21.0,7.0,20,Neutral
38,200,27,Female,Snapchat,120.0,4.0,40.0,18.0,22,Neutral
39,733,24,Non-binary,Instagram,130.0,6.0,90.0,22.0,35,Happiness
40,778,26,Female,Twitter,75.0,2.0,23.0,18.0,20,Sadness
41,541,32,Female,Snapchat,45.0,1.0,7.0,5.0,17,Sadness
42,909,29,Female,LinkedIn,55.0,2.0,15.0,5.0,12,Neutral
43,633,22,Female,Instagram,130.0,6.0,88.0,25.0,40,Sadness
44,424,33,Non-binary,Instagram,190.0,8.0,105.0,26.0,45,Happiness
45,463,34,Non-binary,Telegram,80.0,2.0,21.0,8.0,20,Neutral
46,64,26,Female,Whatsapp,120.0,4.0,60.0,19.0,30,Anxiety
47,466,22,Female,Instagram,150.0,5.0,60.0,21.0,32,Happiness
48,20,32,Female,Instagram,130.0,4.0,55.0,21.0,13,Happiness
49,719,23,Non-binary,LinkedIn,50.0,1.0,12.0,6.0,12,Neutral
50,370,22,Non-binary,Snapchat,55.0,2.0,21.0,7.0,15,Sadness
51,911,23,Female,LinkedIn,85.0,2.0,27.0,10.0,28,Sadness
52,429,28,Male,Instagram,190.0,5.0,49.0,12.0,15,Boredom
53,142,25,Female,Snapchat,40.0,2.0,20.0,7.0,15,Anxiety
54,733,23,Non-binary,Twitter,105.0,3.0,21.0,15.0,14,Neutral
55,612,25,Female,Snapchat,110.0,5.0,35.0,21.0,34,Sadness
56,185,29,Non-binary,Facebook,65.0,2.0,27.0,11.0,22,Anxiety
57,537,Female,33,Snapchat,190.0,7.0,82.0,21.0,28,Happiness
58,771,24,Female,Instagram,140.0,6.0,50.0,21.0,29,Agression
59,683,Female,34,Instagram,105.0,7.0,42.0,16.0,31,Anger
60,372,Male,28,Twitter,100.0,4.0,23.0,19.0,20,Neutral
61,30,26,Non-binary,Snapchat,90.0,2.0,29.0,18.0,22,Sadness
62,913,34,Male,LinkedIn,85.0,1.0,43.0,12.0,30,Boredom
63,352,Female,24,Twitter,72.0,3.0,42.0,19.0,40,Anger
64,129,26,Non-binary,Instagram,110.0,5.0,32.0,12.0,23,Neutral
65,590,Male,28,Facebook,40.0,6.0,21.0,11.0,15,Anxiety
66,241,25,Female,Twitter,150.0,6.0,90.0,26.0,30,Happiness
67,865,24,Non-binary,Whatsapp,70.0,4.0,48.0,13.0,20,Anxiety
68,13,Male,34,Instagram,75.0,6.0,30.0,11.0,23,Sadness
69,511,23,Female,Snapchat,40.0,4.0,25.0,12.0,28,Sadness
70,613,Female,22,LinkedIn,90.0,10.0,12.0,5.0,11,Neutral
71,631,24,Non-binary,Facebook,50.0,1.0,11.0,10.0,18,Boredom
72,810,31,Male,Instagram,52.0,5.0,60.0,20.0,30,Happiness
73,675,24,Female,LinkedIn,140.0,2.0,20.0,7.0,23,Anger
74,463,34,Non-binary,Instagram,60.0,4.0,23.0,14.0,30,Happiness
75,524,Female,26,Instagram,90.0,3.0,39.0,10.0,21,Neutral
76,105,Male,33,LinkedIn,30.0,1.0,10.0,9.0,14,Boredom
77,622,Female,24,Twitter,85.0,6.0,42.0,15.0,21,Boredom
78,69,27,Male,Telegram,105.0,3.0,45.0,15.0,28,Anxiety
79,321,26,Male,Facebook,75.0,2.0,30.0,14.0,20,Anxiety
80,343,29,Male,Twitter,95.0,4.0,50.0,22.0,22,Anger
81,141,31,Male,LinkedIn,45.0,1.0,9.0,4.0,10,Sadness
82,119,23,Non-binary,LinkedIn,50.0,1.0,12.0,6.0,12,Neutral
83,303,22,Non-binary,Facebook,60.0,2.0,20.0,10.0,15,Neutral
84,419,23,Non-binary,LinkedIn,50.0,1.0,12.0,6.0,12,Neutral
85,508,24,Non-binary,Facebook,110.0,6.0,35.0,16.0,25,Sadness
86,233,23,Non-binary,Twitter,70.0,3.0,30.0,14.0,18,Neutral
87,803,22,Non-binary,Facebook,60.0,2.0,20.0,10.0,15,Neutral
88,372,35,Male,Twitter,70.0,1.0,13.0,8.0,10,Boredom
89,832,28,Male,Instagram,145.0,7.0,80.0,30.0,35,Happiness
90,343,29,Male,Twitter,95.0,4.0,50.0,22.0,22,Anger
91,27,Non-binary,Facebook,55,1.0,9.0,2.0,11.0,Anxiety,
92,346,33,Non-binary,Instagram,190.0,8.0,105.0,36.0,50,Happiness
93,514,22,Female,Instagram,180.0,8.0,100.0,38.0,45,Happiness
94,715,28,Male,Twitter,100.0,6.0,50.0,30.0,29,Anger
95,337,33,Female,Instagram,170.0,7.0,95.0,30.0,38,Happiness
96,917,35,Female,Instagram,125.0,5.0,65.0,22.0,28,Anxiety
97,641,31,Male,Instagram,150.0,6.0,90.0,26.0,30,Happiness
98,504,28,Female,Instagram,200.0,8.0,110.0,40.0,45,Anxiety
99,211,23,Female,Twitter,75.0,4.0,45.0,20.0,25,Anxiety
100,756,Female,22,Whatsapp,70.0,2.0,42.0,10.0,21,Anxiety
101,473,21,Non-binary,Facebook,55.0,3.0,17.0,7.0,12,Neutral
102,986,31,Male,Telegram,85.0,3.0,45.0,20.0,28,Sadness
103,191,31,Female,Whatsapp,105.0,4.0,55.0,25.0,25,Anger
104,401,25,Female,Instagram,120.0,5.0,50.0,20.0,25,Happiness
105,481,31,Male,Telegram,50.0,2.0,20.0,10.0,12,Sadness
106,472,26,Male,Facebook,75.0,2.0,30.0,14.0,20,Anxiety
107,907,24,Non-binary,Facebook,110.0,6.0,35.0,16.0,25,Sadness
108,240,28,Non-binary,Facebook,100.0,2.0,22.0,12.0,25,Anxiety
109,872,35,Male,Twitter,70.0,1.0,13.0,8.0,10,Boredom
110,985,29,Non-binary,Facebook,75.0,2.0,20.0,8.0,20,Boredom
111,812,26,Non-binary,Facebook,95.0,3.0,30.0,14.0,18,Sadness
112,579,33,Non-binary,Facebook,65.0,1.0,13.0,7.0,14,Anxiety
113,227,27,Non-binary,LinkedIn,55.0,1.0,9.0,2.0,11,Anxiety
114,973,21,Non-binary,Facebook,55.0,3.0,17.0,7.0,12,Neutral
115,847,21,Female,Twitter,90.0,3.0,37.0,14.0,20,Sadness
116,623,29,Male,LinkedIn,60.0,2.0,17.0,8.0,15,Boredom
117,776,28,Non-binary,Snapchat,115.0,3.0,38.0,18.0,27,Anxiety
118,721,26,Male,Facebook,75.0,2.0,30.0,14.0,20,Anxiety
119,429,28,Female,Instagram,190.0,7.0,80.0,30.0,35,Happiness
120,222,24,Female,Twitter,105.0,4.0,28.0,14.0,20,Anger
121,509,29,Female,LinkedIn,55.0,2.0,15.0,5.0,10,Neutral
122,476,28,Non-binary,Snapchat,115.0,3.0,38.0,18.0,27,Anxiety
123,293,24,Male,Telegram,75.0,3.0,33.0,13.0,22,Neutral
124,248,26,Non-binary,Facebook,75.0,2.0,30.0,12.0,18,Anxiety
125,347,21,Non-binary,Facebook,45.0,1.0,10.0,4.0,12,Neutral
126,718,27,Male,Twitter,90.0,3.0,40.0,16.0,24,Sadness
127,297,22,Female,Facebook,70.0,1.0,14.0,6.0,10,Neutral
128,352,24,Female,Twitter,75.0,3.0,33.0,12.0,26,Anger
129,942,25,Female,Instagram,200.0,8.0,110.0,40.0,45,Anxiety
130,185,29,Non-binary,Facebook,75.0,2.0,20.0,8.0,20,Boredom
131,816,21,Non-binary,Facebook,40.0,1.0,10.0,4.0,12,Neutral
132,427,27,Non-binary,LinkedIn,55.0,1.0,12.0,5.0,11,Anxiety
133,103,22,Non-binary,Facebook,60.0,2.0,20.0,10.0,15,Neutral
134,512,28,Non-binary,Snapchat,55.0,2.0,30.0,11.0,12,Anxiety
135,963,34,Non-binary,Instagram,145.0,8.0,90.0,20.0,25,Happiness
136,391,27,Non-binary,Facebook,50.0,1.0,10.0,4.0,10,Boredom
137,882,24,Non-binary,Snapchat,85.0,3.0,33.0,20.0,18,Happiness
138,88,25,Non-binary,Instagram,170.0,8.0,60.0,16.0,28,Happiness
139,714,27,Female,Facebook,80.0,3.0,50.0,13.0,22,Sadness
140,277,27,Non-binary,LinkedIn,55.0,1.0,9.0,2.0,11,Anxiety
141,830,26,Non-binary,Facebook,45.0,1.0,8.0,4.0,12,Sadness
142,109,29,Female,LinkedIn,55.0,2.0,15.0,5.0,10,Neutral
143,99,21,Female,Facebook,75.0,2.0,25.0,13.0,19,Anxiety
144,493,24,Female,Instagram,200.0,6.0,100.0,18.0,39,Neutral
